episode,fileNum,name,bonus,secret,timedBattle,difficulty,difficulty01,ticks,endedNaturally,shiftsDifficulty,runAtLow,runAtHigh,duration,spawnCount,fireRate,peakFireRate,trackedShare,bulletDensity,peakBulletDensity,enemyDensity,hulkDensity,saturation,ok
1,1,"ASTEROID1",0,0,0,0,0.8149,6122,1,0,0,0,8600,560,222.33,600,0.476,3.377,8.857,4.142,0.476,0,1
1,1,"ASTEROID1",0,0,0,1,0.841,6122,1,0,1,1,8600,560,222.33,600,0.476,3.377,8.857,4.971,0.476,0,1
1,1,"ASTEROID1",0,0,0,2,0.8597,6122,1,0,2,2,8600,560,222.33,600,0.476,3.377,8.857,5.512,0.476,0,1
1,1,"ASTEROID1",0,0,0,3,1.0778,6122,1,0,3,3,8600,560,411.39,1152,0.4822,4.981,13.997,5.937,0.476,0,1
1,1,"ASTEROID1",0,0,0,4,1.0909,6122,1,0,4,4,8600,560,411.39,1152,0.4822,4.285,12.814,6.553,0.476,0,1
1,1,"ASTEROID1",0,0,0,5,1.1057,6122,1,0,5,5,8600,560,411.39,1152,0.4822,3.916,12.729,7.004,0.476,0,1
1,1,"ASTEROID1",0,0,0,6,1.1127,6122,1,0,6,6,8600,560,411.39,1152,0.4822,3.563,12.006,7.336,0.476,0,1
1,1,"ASTEROID1",0,0,0,7,1.1489,6122,1,0,7,7,8600,560,411.39,1152,0.4822,3.284,11.437,8.382,0.476,0,1
1,1,"ASTEROID1",0,0,0,8,1.4546,6122,1,0,8,8,8600,560,754.93,2112,0.4862,5.723,20.771,9.081,0.476,0,1
1,1,"ASTEROID1",0,0,0,9,1.5176,6122,1,0,9,9,8600,560,754.93,2112,0.4862,5.417,20.163,10.476,0.476,0,1
1,1,"ASTEROID1",0,0,0,10,1.5152,6122,1,0,10,10,8600,560,754.93,2112,0.4862,5.132,19.663,10.476,0.476,0,1
1,2,"ASTEROID2",0,0,0,0,0.8022,8031,1,0,0,0,7920,371,190.85,798.86,0.289,3.991,12.551,4.796,0,0,1
1,2,"ASTEROID2",0,0,0,1,0.8338,8031,1,0,1,1,7920,371,190.85,798.86,0.289,3.991,12.551,5.918,0,0,1
1,2,"ASTEROID2",0,0,0,2,0.8567,8031,1,0,2,2,7920,371,190.85,798.86,0.289,3.991,12.551,6.648,0,0,1
1,2,"ASTEROID2",0,0,0,3,1.109,8031,1,0,3,3,7920,371,350.42,1492.57,0.2937,6.493,19.971,7.188,0,0,1
1,2,"ASTEROID2",0,0,0,4,1.1308,8031,1,0,4,4,7920,371,350.42,1492.57,0.2937,6.017,19.84,7.933,0,0,1
1,2,"ASTEROID2",0,0,0,5,1.1494,8031,1,0,5,5,7920,371,350.42,1492.57,0.2937,5.696,19.783,8.48,0,0,1
1,2,"ASTEROID2",0,0,0,6,1.1612,8031,1,0,6,6,7920,371,350.42,1492.57,0.2937,5.463,19.723,8.857,0,0,1
1,2,"ASTEROID2",0,0,0,7,1.2107,8031,1,0,7,7,7920,371,350.42,1492.57,0.2937,5.301,19.669,10.041,0,0,1
1,2,"ASTEROID2",0,0,0,8,1.6002,8031,1,0,8,8,7920,371,642.42,2866.29,0.3085,9.13,35.257,10.817,0,0.0001,1
1,2,"ASTEROID2",0,0,0,9,1.6943,8031,1,0,9,9,7920,371,642.42,2866.29,0.3085,8.94,35.203,12.28,0,0.0001,1
1,2,"ASTEROID2",0,0,0,10,1.6936,8031,1,0,10,10,7920,371,642.42,2866.29,0.3085,8.742,35.123,12.28,0,0.0001,1
1,3,"ASTEROID?",0,1,0,0,0.7314,3608,1,0,0,0,7900,278,412.8,966.86,0.7576,0.602,4.149,4.215,0,0,1
1,3,"ASTEROID?",0,1,0,1,0.755,3608,1,0,1,1,7900,278,412.8,966.86,0.7576,0.602,4.149,4.861,0,0,1
1,3,"ASTEROID?",0,1,0,2,0.7724,3608,1,0,2,2,7900,278,412.8,966.86,0.7576,0.602,4.149,5.239,0,0,1
1,3,"ASTEROID?",0,1,0,3,0.7983,3608,1,0,3,3,7900,278,466.02,990.86,0.7544,0.756,4.726,5.553,0,0,1
1,3,"ASTEROID?",0,1,0,4,0.8088,3608,1,0,4,4,7900,278,466.02,990.86,0.7544,0.63,3.977,6.417,0,0,1
1,3,"ASTEROID?",0,1,0,5,0.8123,3608,1,0,5,5,7900,278,466.02,990.86,0.7544,0.537,3.32,6.738,0,0,1
1,3,"ASTEROID?",0,1,0,6,0.8193,3608,1,0,6,6,7900,278,466.02,990.86,0.7544,0.498,2.823,7.366,0,0,1
1,3,"ASTEROID?",0,1,0,7,0.8481,3608,1,0,7,7,7900,278,466.02,990.86,0.7544,0.443,2.446,8.811,0,0,1
1,3,"ASTEROID?",0,1,0,8,0.9704,3608,1,0,8,8,7900,278,547.84,1309.14,0.7867,0.838,4.403,10.201,0,0,1
1,3,"ASTEROID?",0,1,0,9,1.0401,3608,1,0,9,9,7900,278,547.84,1309.14,0.7867,0.761,3.957,13.199,0,0,1
1,3,"ASTEROID?",0,1,0,10,1.0372,3608,1,0,10,10,7900,278,547.84,1309.14,0.7867,0.697,3.583,13.199,0,0,1
1,4,"BUBBLES",0,1,0,0,0.7152,3255,1,0,0,0,9922,141,73.73,685.71,1,0.996,8.509,5.889,0,0,1
1,4,"BUBBLES",0,1,0,1,0.7548,3255,1,0,1,1,9922,141,73.73,685.71,1,0.996,8.509,6.346,0,0,1
1,4,"BUBBLES",0,1,0,2,0.7872,3255,1,0,2,2,9922,141,73.73,685.71,1,0.996,8.509,6.592,0,0,1
1,4,"BUBBLES",0,1,0,3,0.7737,3255,1,0,3,3,9922,141,73.73,685.71,1,0.665,5.946,6.66,0,0,1
1,4,"BUBBLES",0,1,0,4,0.7662,3255,1,0,4,4,9922,141,73.73,685.71,1,0.503,4.537,6.803,0,0,1
1,4,"BUBBLES",0,1,0,5,0.7612,3255,1,0,5,5,9922,141,73.73,685.71,1,0.402,3.66,6.896,0,0,1
1,4,"BUBBLES",0,1,0,6,0.7577,3255,1,0,6,6,9922,141,73.73,685.71,1,0.335,3.083,6.996,0,0,1
1,4,"BUBBLES",0,1,0,7,0.7577,3255,1,0,7,7,9922,141,73.73,685.71,1,0.286,2.649,7.256,0,0,1
1,4,"BUBBLES",0,1,0,8,0.7576,3255,1,0,8,8,9922,141,73.73,685.71,1,0.247,2.297,7.444,0,0,1
1,4,"BUBBLES",0,1,0,9,0.7657,3255,1,0,9,9,9922,141,73.73,685.71,1,0.22,2.049,7.884,0,0,1
1,4,"BUBBLES",0,1,0,10,0.7635,3255,1,0,10,10,9922,141,73.73,685.71,1,0.196,1.826,7.884,0,0,1
1,5,"DELIANI",0,0,1,0,0.9949,5726,1,0,0,0,10001,279,514.25,1445.14,0.8016,3.772,8.729,5.141,0,0,1
1,5,"DELIANI",0,0,1,1,1.0274,5726,1,0,1,1,10001,279,514.25,1445.14,0.8016,3.772,8.729,6.054,0,0,1
1,5,"DELIANI",0,0,1,2,1.052,5726,1,0,2,2,10001,279,514.25,1445.14,0.8016,3.772,8.729,6.657,0,0,1
1,5,"DELIANI",0,0,1,3,1.2627,5726,1,0,3,3,10001,279,838.7,2146.29,0.7696,5.621,12.5,7.063,0,0,1
1,5,"DELIANI",0,0,1,4,1.2689,5726,1,0,4,4,10001,279,838.7,2146.29,0.7696,4.905,10.623,7.558,0,0,1
1,5,"DELIANI",0,0,1,5,1.274,5726,1,0,5,5,10001,279,838.7,2146.29,0.7696,4.375,9.323,7.951,0,0,1
1,5,"DELIANI",0,0,1,6,1.2759,5726,1,0,6,6,10001,279,838.7,2146.29,0.7696,4.004,8.317,8.185,0,0,1
1,5,"DELIANI",0,0,1,7,1.3059,5726,1,0,7,7,10001,279,838.7,2146.29,0.7696,3.747,7.637,8.964,0,0,1
1,5,"DELIANI",0,0,1,8,1.6054,5726,1,0,8,8,10001,279,1388.02,3462.86,0.7601,6.085,12.266,9.415,0,0,1
1,5,"DELIANI",0,0,1,9,1.6463,5726,1,0,9,9,10001,279,1388.02,3462.86,0.7601,5.773,11.489,10.262,0,0,1
1,5,"DELIANI",0,0,1,10,1.6439,5726,1,0,10,10,10001,279,1388.02,3462.86,0.7601,5.524,11.091,10.262,0,0,1
1,6,"MINEMAZE",0,1,0,0,0.8005,3500,1,0,0,0,9356,416,187.14,628.57,0,0,0,6.983,4.917,0,1
1,6,"MINEMAZE",0,1,0,1,0.8145,3500,1,0,1,1,9356,416,187.14,628.57,0,0,0,7.462,4.917,0,1
1,6,"MINEMAZE",0,1,0,2,0.8252,3500,1,0,2,2,9356,416,187.14,628.57,0,0,0,7.771,4.917,0,1
1,6,"MINEMAZE",0,1,0,3,0.8304,3500,1,0,3,3,9356,416,187.14,628.57,0,0,0,8.021,4.917,0,1
1,6,"MINEMAZE",0,1,0,4,0.8389,3500,1,0,4,4,9356,416,187.14,628.57,0,0,0,8.44,4.917,0,1
1,6,"MINEMAZE",0,1,0,5,0.8458,3500,1,0,5,5,9356,416,187.14,628.57,0,0,0,8.747,4.917,0,1
1,6,"MINEMAZE",0,1,0,6,0.8509,3500,1,0,6,6,9356,416,187.14,628.57,0,0,0,8.976,4.917,0,1
1,6,"MINEMAZE",0,1,0,7,0.8706,3500,1,0,7,7,9356,416,187.14,628.57,0,0,0,9.73,4.917,0,1
1,6,"MINEMAZE",0,1,0,8,0.8871,3500,1,0,8,8,9356,416,187.14,628.57,0,0,0,10.259,4.917,0,1
1,6,"MINEMAZE",0,1,0,9,0.9371,3500,1,0,9,9,9356,416,187.14,628.57,0,0,0,11.421,4.917,0,1
1,6,"MINEMAZE",0,1,0,10,0.9371,3500,1,0,10,10,9356,416,187.14,628.57,0,0,0,11.421,4.917,0,1
1,7,"MINES",0,0,0,0,0.1822,1717,1,0,0,0,7700,370,0,0,0,0,0,2.782,1.471,0,1
1,7,"MINES",0,0,0,1,0.1898,1717,1,0,1,1,7700,370,0,0,0,0,0,3.115,1.471,0,1
1,7,"MINES",0,0,0,2,0.1963,1717,1,0,2,2,7700,370,0,0,0,0,0,3.381,1.471,0,1
1,7,"MINES",0,0,0,3,0.2031,1717,1,0,3,3,7700,370,0,0,0,0,0,3.615,1.471,0,1
1,7,"MINES",0,0,0,4,0.212,1717,1,0,4,4,7700,370,0,0,0,0,0,3.916,1.471,0,1
1,7,"MINES",0,0,0,5,0.2197,1717,1,0,5,5,7700,370,0,0,0,0,0,4.171,1.471,0,1
1,7,"MINES",0,0,0,6,0.2243,1717,1,0,6,6,7700,370,0,0,0,0,0,4.32,1.471,0,1
1,7,"MINES",0,0,0,7,0.2433,1717,1,0,7,7,7700,370,0,0,0,0,0,4.893,1.471,0,1
1,7,"MINES",0,0,0,8,0.2581,1717,1,0,8,8,7700,370,0,0,0,0,0,5.28,1.471,0,1
1,7,"MINES",0,0,0,9,0.2994,1717,1,0,9,9,7700,370,0,0,0,0,0,6.072,1.471,0,1
1,7,"MINES",0,0,0,10,0.2994,1717,1,0,10,10,7700,370,0,0,0,0,0,6.072,1.471,0,1
1,8,"SAVARA",0,0,0,0,0.9305,7438,1,0,0,0,65000,263,308.58,754.29,0.3528,1.701,6.229,8.697,0,0,1
1,8,"SAVARA",0,0,0,1,0.9836,7438,1,0,1,1,65000,263,308.58,754.29,0.3528,1.701,6.229,9.489,0,0,1
1,8,"SAVARA",0,0,0,2,1.0272,7438,1,0,2,2,65000,263,308.58,754.29,0.3528,1.701,6.229,9.963,0,0,1
1,8,"SAVARA",0,0,0,3,1.0988,7438,1,0,3,3,65000,263,409.96,877.71,0.479,2.238,8.371,10.159,0,0,1
1,8,"SAVARA",0,0,0,4,1.0907,7438,1,0,4,4,65000,263,409.96,877.71,0.479,1.764,6.217,10.445,0,0,1
1,8,"SAVARA",0,0,0,5,1.0908,7438,1,0,5,5,65000,263,409.96,877.71,0.479,1.498,5.569,10.637,0,0,1
1,8,"SAVARA",0,0,0,6,1.0939,7438,1,0,6,6,65000,263,409.96,877.71,0.479,1.3,5.569,10.797,0,0,1
1,8,"SAVARA",0,0,0,7,1.1102,7438,1,0,7,7,65000,263,409.96,877.71,0.479,1.166,5.569,11.265,0,0,1
1,8,"SAVARA",0,0,0,8,1.3225,7438,1,0,8,8,65000,263,588.67,1590.86,0.5603,1.827,7.103,11.569,0,0,1
1,8,"SAVARA",0,0,0,9,1.3358,7438,1,0,9,9,65000,263,588.67,1590.86,0.5603,1.68,7.103,12.14,0,0,1
1,8,"SAVARA",0,0,0,10,1.3354,7438,1,0,10,10,65000,263,588.67,1590.86,0.5603,1.558,7.103,12.14,0,0,1
1,9,"TYRIAN",0,0,0,0,0.7574,9318,1,0,0,0,8100,473,111.74,432,0.1738,2.99,11.866,5.137,0,0,1
1,9,"TYRIAN",0,0,0,1,0.7966,9318,1,0,1,1,8100,473,111.74,432,0.1738,2.99,11.866,5.695,0,0,1
1,9,"TYRIAN",0,0,0,2,0.8281,9318,1,0,2,2,8100,473,111.74,432,0.1738,2.99,11.866,6.051,0,0,1
1,9,"TYRIAN",0,0,0,3,1.0066,9318,1,0,3,3,8100,473,196.22,768,0.1713,4.931,20.286,6.236,0,0,1
1,9,"TYRIAN",0,0,0,4,1.0155,9318,1,0,4,4,8100,473,196.22,768,0.1713,4.729,20.286,6.606,0,0,1
1,9,"TYRIAN",0,0,0,5,1.0228,9318,1,0,5,5,8100,473,196.22,768,0.1713,4.587,20.286,6.826,0,0,1
1,9,"TYRIAN",0,0,0,6,1.0285,9318,1,0,6,6,8100,473,196.22,768,0.1713,4.488,20.286,7.055,0,0,1
1,9,"TYRIAN",0,0,0,7,1.0457,9318,1,0,7,7,8100,473,196.22,768,0.1713,4.42,20.286,7.688,0,0,1
1,9,"TYRIAN",0,0,0,8,1.2834,9318,1,0,8,8,8100,473,339.24,1392,0.1917,7.53,30.603,8.206,0,0.0042,1
1,9,"TYRIAN",0,0,0,9,1.3055,9318,1,0,9,9,8100,473,339.24,1392,0.1917,7.49,30.603,9.274,0,0.0042,1
1,9,"TYRIAN",0,0,0,10,1.3054,9318,1,0,10,10,8100,473,339.24,1392,0.1917,7.426,30.603,9.274,0,0.0042,1
1,10,"BONUS",1,0,0,0,0.5404,2647,1,0,0,0,9010,98,283.19,514.29,1,0.748,5.471,4.151,0,0,1
1,10,"BONUS",1,0,0,1,0.5622,2647,1,0,1,1,9010,98,283.19,514.29,1,0.748,5.471,5.281,0,0,1
1,10,"BONUS",1,0,0,2,0.5742,2647,1,0,2,2,9010,98,283.19,514.29,1,0.748,5.471,5.893,0,0,1
1,10,"BONUS",1,0,0,3,0.6674,2707,1,0,3,3,9010,98,326.56,768,1,1.044,7.66,6.326,0,0,1
1,10,"BONUS",1,0,0,4,0.6803,2707,1,0,4,4,9010,98,326.56,768,1,0.842,6.186,7.512,0,0,1
1,10,"BONUS",1,0,0,5,0.6879,2707,1,0,5,5,9010,98,326.56,768,1,0.7,5.151,8.251,0,0,1
1,10,"BONUS",1,0,0,6,0.6949,2707,1,0,6,6,9010,98,326.56,768,1,0.595,4.369,8.952,0,0,1
1,10,"BONUS",1,0,0,7,0.7306,2707,1,0,7,7,9010,98,326.56,768,1,0.519,3.831,11.044,0,0,1
1,10,"BONUS",1,0,0,8,0.9175,2824,1,0,8,8,9010,98,396.32,1416,1,0.797,6.214,12.077,0,0,1
1,10,"BONUS",1,0,0,9,1.0005,2824,1,0,9,9,9010,98,396.32,1416,1,0.719,5.603,15.487,0,0,1
1,10,"BONUS",1,0,0,10,0.9971,2824,1,0,10,10,9010,98,396.32,1416,1,0.655,5.046,15.487,0,0,1
1,11,"HOLES",0,1,0,0,1.025,4575,1,0,0,0,8100,521,389.07,1957.71,0.6357,5.737,24.363,2.273,0,0,1
1,11,"HOLES",0,1,0,1,1.0454,4575,1,0,1,1,8100,521,389.07,1957.71,0.6357,5.737,24.363,2.722,0,0,1
1,11,"HOLES",0,1,0,2,1.0594,4575,1,0,2,2,8100,521,389.07,1957.71,0.6357,5.737,24.363,2.866,0,0,1
1,11,"HOLES",0,1,0,3,1.4135,4575,1,0,3,3,8100,521,686.91,3882.86,0.6624,7.666,35.977,2.943,0,0.0004,1
1,11,"HOLES",0,1,0,4,1.3949,4575,1,0,4,4,8100,521,686.91,3882.86,0.6624,6.201,27.523,3.428,0,0.0004,1
1,11,"HOLES",0,1,0,5,1.3826,4575,1,0,5,5,8100,521,686.91,3882.86,0.6624,5.277,22.209,3.772,0,0.0004,1
1,11,"HOLES",0,1,0,6,1.3852,4575,1,0,6,6,8100,521,686.91,3882.86,0.6624,4.662,21.994,4.074,0,0.0004,1
1,11,"HOLES",0,1,0,7,1.3978,4575,1,0,7,7,8100,521,686.91,3882.86,0.6624,4.228,21.831,5.005,0,0.0004,1
1,11,"HOLES",0,1,0,8,1.6692,4575,1,0,8,8,8100,521,1065.7,5665.71,0.6924,5.426,27.206,5.793,0,0.0037,1
1,11,"HOLES",0,1,0,9,1.7127,4575,1,0,9,9,8100,521,1065.7,5665.71,0.6924,5.057,27.011,7.714,0,0.0035,1
1,11,"HOLES",0,1,0,10,1.7118,4575,1,0,10,10,8100,521,1065.88,5665.71,0.6919,4.743,26.906,7.714,0,0.0033,1
1,12,"SAVARA",0,0,0,0,1.0692,6838,1,1,1,1,65000,356,345.12,1088,0.5527,3.126,13.977,8.042,0,0,1
1,12,"SAVARA",0,0,0,1,1.0692,6838,1,0,1,1,65000,356,345.12,1088,0.5527,3.126,13.977,8.042,0,0,1
1,12,"SAVARA",0,0,0,2,1.0692,6838,1,1,1,1,65000,356,345.12,1088,0.5527,3.126,13.977,8.042,0,0,1
1,12,"SAVARA",0,0,0,3,1.1074,6838,1,1,2,2,65000,356,345.12,1088,0.5527,3.126,13.977,8.517,0,0,1
1,12,"SAVARA",0,0,0,4,1.3542,6838,1,1,3,3,65000,356,552.54,2020.57,0.6073,4.331,18.64,8.762,0,0,1
1,12,"SAVARA",0,0,0,5,1.3386,6838,1,1,4,4,65000,356,552.54,2020.57,0.6073,3.379,13.834,9.097,0,0,1
1,12,"SAVARA",0,0,0,6,1.3302,6838,1,1,5,5,65000,356,552.54,2020.57,0.6073,2.84,11.1,9.34,0,0,1
1,12,"SAVARA",0,0,0,7,1.3229,6838,1,1,6,6,65000,356,552.54,2020.57,0.6073,2.443,9.074,9.518,0,0,1
1,12,"SAVARA",0,0,0,8,1.3316,6838,1,1,7,7,65000,356,552.54,2020.57,0.6073,2.189,7.754,10.082,0,0,1
1,12,"SAVARA",0,0,0,9,1.6546,6838,1,1,8,8,65000,356,906.55,3556.57,0.6259,3.574,12.257,10.447,0,0,1
1,12,"SAVARA",0,0,0,10,1.6747,6838,1,1,9,9,65000,356,906.55,3556.57,0.6259,3.289,11.894,11.139,0,0,1
1,13,"SOH JIN",0,1,0,0,0.6648,4816,1,1,1,1,4850,341,135.55,507.43,1,1.718,6.934,7.82,0,0,1
1,13,"SOH JIN",0,1,0,1,0.6648,4816,1,0,1,1,4850,341,135.55,507.43,1,1.718,6.934,7.82,0,0,1
1,13,"SOH JIN",0,1,0,2,0.6648,4816,1,1,1,1,4850,341,135.55,507.43,1,1.718,6.934,7.82,0,0,1
1,13,"SOH JIN",0,1,0,3,0.6897,4816,1,1,2,2,4850,341,135.55,507.43,1,1.718,6.934,8.755,0,0,1
1,13,"SOH JIN",0,1,0,4,0.872,4816,1,1,3,3,4850,341,271.1,960,1,2.388,9.374,9.401,0,0,1
1,13,"SOH JIN",0,1,0,5,0.8809,4816,1,1,4,4,4850,341,271.1,960,1,1.74,6.903,10.165,0,0,1
1,13,"SOH JIN",0,1,0,6,0.8925,4816,1,1,5,5,4850,341,271.1,960,1,1.4,5.523,10.767,0,0,1
1,13,"SOH JIN",0,1,0,7,0.8984,4816,1,1,6,6,4850,341,271.1,960,1,1.149,4.597,11.122,0,0,1
1,13,"SOH JIN",0,1,0,8,0.9462,4816,1,1,7,7,4850,341,271.1,960,1,0.976,3.9,12.313,0,0,1
1,13,"SOH JIN",0,1,0,9,1.2,4816,1,1,8,8,4850,341,491.36,1741.71,1,1.551,6.22,13.047,0,0,1
1,13,"SOH JIN",0,1,0,10,1.2552,4816,1,1,9,9,4850,341,491.36,1741.71,1,1.366,5.474,14.125,0,0,1
1,14,"WINDY",1,1,0,0,0.717,3050,1,0,0,0,8100,832,108.2,228.57,0,0,0,14.196,13.14,0,1
1,14,"WINDY",1,1,0,1,0.7226,3050,1,0,1,1,8100,832,108.2,228.57,0,0,0,14.472,13.14,0,1
1,14,"WINDY",1,1,0,2,0.7273,3050,1,0,2,2,8100,832,108.2,228.57,0,0,0,14.706,13.14,0,1
1,14,"WINDY",1,1,0,3,0.7316,3050,1,0,3,3,8100,832,108.2,228.57,0,0,0,14.914,13.14,0,1
1,14,"WINDY",1,1,0,4,0.7373,3050,1,0,4,4,8100,832,108.2,228.57,0,0,0,15.184,13.14,0,1
1,14,"WINDY",1,1,0,5,0.7426,3050,1,0,5,5,8100,832,108.2,228.57,0,0,0,15.419,13.14,0,1
1,14,"WINDY",1,1,0,6,0.7458,3050,1,0,6,6,8100,832,108.2,228.57,0,0,0,15.556,13.14,0,1
1,14,"WINDY",1,1,0,7,0.7597,3050,1,0,7,7,8100,832,108.2,228.57,0,0,0,16.092,13.14,0,1
1,14,"WINDY",1,1,0,8,0.7712,3050,1,0,8,8,8100,832,108.2,228.57,0,0,0,16.46,13.14,0,1
1,14,"WINDY",1,1,0,9,0.8059,3050,1,0,9,9,8100,832,108.2,228.57,0,0,0,17.226,13.14,0,1
1,14,"WINDY",1,1,0,10,0.8059,3050,1,0,10,10,8100,832,108.2,228.57,0,0,0,17.226,13.14,0,1
1,15,"TYRIAN",0,0,0,0,0.794,9318,1,0,0,0,8100,589,126.16,516,0.2067,3.2,11.866,5.24,0,0,1
1,15,"TYRIAN",0,0,0,1,0.8332,9318,1,0,1,1,8100,589,126.16,516,0.2067,3.2,11.866,5.818,0,0,1
1,15,"TYRIAN",0,0,0,2,0.8649,9318,1,0,2,2,8100,589,126.16,516,0.2067,3.2,11.866,6.187,0,0,1
1,15,"TYRIAN",0,0,0,3,1.052,9318,1,0,3,3,8100,589,221.46,900,0.2041,5.209,20.286,6.409,0,0,1
1,15,"TYRIAN",0,0,0,4,1.0614,9318,1,0,4,4,8100,589,221.46,900,0.2041,4.954,20.286,6.827,0,0,1
1,15,"TYRIAN",0,0,0,5,1.0688,9318,1,0,5,5,8100,589,221.46,900,0.2041,4.768,20.286,7.061,0,0,1
1,15,"TYRIAN",0,0,0,6,1.0751,9318,1,0,6,6,8100,589,221.46,900,0.2041,4.642,20.286,7.333,0,0,1
1,15,"TYRIAN",0,0,0,7,1.0935,9318,1,0,7,7,8100,589,221.46,900,0.2041,4.565,20.286,8.059,0,0,1
1,15,"TYRIAN",0,0,0,8,1.3426,9318,1,0,8,8,8100,589,383.41,1608,0.2261,7.743,30.603,8.575,0,0.0042,1
1,15,"TYRIAN",0,0,0,9,1.3674,9318,1,0,9,9,8100,589,383.41,1608,0.2261,7.678,30.603,9.797,0,0.0042,1
1,15,"TYRIAN",0,0,0,10,1.3672,9318,1,0,10,10,8100,589,383.41,1608,0.2261,7.606,30.603,9.797,0,0.0042,1
1,16,"ASSASSIN",0,0,0,0,1.1971,6965,1,0,0,0,10939,204,461.08,1082.86,0.3187,12.455,25.966,10.191,0,0.0009,1
1,16,"ASSASSIN",0,0,0,1,1.1977,6965,1,0,1,1,10939,204,461.08,1082.86,0.3187,12.455,25.966,10.281,0,0.0009,1
1,16,"ASSASSIN",0,0,0,2,1.1982,6965,1,0,2,2,10939,204,461.08,1082.86,0.3187,12.455,25.966,10.357,0,0.0009,1
1,16,"ASSASSIN",0,0,0,3,1.2632,6965,1,0,3,3,10939,204,517.99,1392,0.3382,11.675,22.694,10.427,0,0,1
1,16,"ASSASSIN",0,0,0,4,1.2551,6965,1,0,4,4,10939,204,517.99,1392,0.3382,10.735,20.531,10.57,0,0,1
1,16,"ASSASSIN",0,0,0,5,1.2499,6965,1,0,5,5,10939,204,517.99,1392,0.3382,10.153,19.234,10.64,0,0,1
1,16,"ASSASSIN",0,0,0,6,1.2468,6965,1,0,6,6,10939,204,517.99,1392,0.3382,9.766,18.369,10.749,0,0,1
1,16,"ASSASSIN",0,0,0,7,1.2473,6965,1,0,7,7,10939,204,517.99,1392,0.3382,9.482,18,11.03,0,0,1
1,16,"ASSASSIN",0,0,0,8,1.4784,6965,1,0,8,8,10939,204,613.01,2472,0.355,10.922,22.534,11.243,0,0.0001,1
1,16,"ASSASSIN",0,0,0,9,1.4842,6965,1,0,9,9,10939,204,613.01,2472,0.355,10.739,22.177,11.748,0,0.0001,1
1,16,"ASSASSIN",0,0,0,10,1.4829,6965,1,0,10,10,10939,204,613.01,2472,0.355,10.582,21.886,11.748,0,0.0001,1
1,17,"SAVARA V",0,0,0,0,1.1879,6804,1,0,0,0,7200,545,581.31,1187.43,0.03,1.574,7.371,12.032,0,0,1
1,17,"SAVARA V",0,0,0,1,1.2186,6804,1,0,1,1,7200,545,581.31,1187.43,0.03,1.574,7.371,12.827,0,0,1
1,17,"SAVARA V",0,0,0,2,1.2442,6804,1,0,2,2,7200,545,581.31,1187.43,0.03,1.574,7.371,13.332,0,0,1
1,17,"SAVARA V",0,0,0,3,1.2622,6804,1,0,3,3,7200,545,601.06,1214.86,0.0547,1.59,7.371,13.605,0,0,1
1,17,"SAVARA V",0,0,0,4,1.2755,6804,1,0,4,4,7200,545,601.06,1214.86,0.0547,1.574,7.371,14.093,0,0,1
1,17,"SAVARA V",0,0,0,5,1.2864,6804,1,0,5,5,7200,545,601.06,1214.86,0.0547,1.565,7.371,14.331,0,0,1
1,17,"SAVARA V",0,0,0,6,1.2946,6804,1,0,6,6,7200,545,601.06,1214.86,0.0547,1.559,7.371,14.633,0,0,1
1,17,"SAVARA V",0,0,0,7,1.3283,6804,1,0,7,7,7200,545,601.06,1214.86,0.0547,1.554,7.371,15.378,0,0,1
1,17,"SAVARA V",0,0,0,8,1.4135,6804,1,0,8,8,7200,545,640.56,1503.43,0.1007,1.583,7.371,15.858,0,0,1
1,17,"SAVARA V",0,0,0,9,1.4248,6804,1,0,9,9,7200,545,640.56,1503.43,0.1007,1.577,7.371,16.878,0,0,1
1,17,"SAVARA V",0,0,0,10,1.4248,6804,1,0,10,10,7200,545,640.56,1503.43,0.1007,1.572,7.371,16.878,0,0,1
1,18,"** ALE **",0,0,0,0,0.4168,10500,0,1,2,3,60001,159,38.1,257.14,0,0,0,2.753,0,0,1
1,18,"** ALE **",0,0,0,1,0.4168,10500,0,1,2,3,60001,159,38.1,257.14,0,0,0,2.753,0,0,1
1,18,"** ALE **",0,0,0,2,0.4168,10500,0,1,2,3,60001,159,38.1,257.14,0,0,0,2.753,0,0,1
1,18,"** ALE **",0,0,0,3,0.4168,10500,0,1,2,3,60001,159,38.1,257.14,0,0,0,2.753,0,0,1
1,18,"** ALE **",0,0,0,4,0.4168,10500,0,1,2,3,60001,159,38.1,257.14,0,0,0,2.753,0,0,1
1,18,"** ALE **",0,0,0,5,0.4168,10500,0,1,2,3,60001,159,38.1,257.14,0,0,0,2.753,0,0,1
1,18,"** ALE **",0,0,0,6,0.4168,10500,0,1,2,3,60001,159,38.1,257.14,0,0,0,2.753,0,0,1
1,18,"** ALE **",0,0,0,7,0.4168,10500,0,1,2,3,60001,159,38.1,257.14,0,0,0,2.753,0,0,1
1,18,"** ALE **",0,0,0,8,0.4168,10500,0,1,2,3,60001,159,38.1,257.14,0,0,0,2.753,0,0,1
1,18,"** ALE **",0,0,0,9,0.4168,10500,0,1,2,3,60001,159,38.1,257.14,0,0,0,2.753,0,0,1
1,18,"** ALE **",0,0,0,10,0.4168,10500,0,1,2,3,60001,159,38.1,257.14,0,0,0,2.753,0,0,1
2,1,"TORM",0,0,0,0,1.0437,8233,1,0,0,0,24465,752,294.11,1148.57,0.342,4.123,19.477,6.377,0,0,1
2,1,"TORM",0,0,0,1,1.0865,8233,1,0,1,1,24465,752,294.11,1148.57,0.342,4.123,19.477,7.272,0,0,1
2,1,"TORM",0,0,0,2,1.1209,8233,1,0,2,2,24465,752,294.11,1148.57,0.342,4.123,19.477,7.846,0,0,1
2,1,"TORM",0,0,0,3,1.3057,8233,1,0,3,3,24465,752,460.05,1734.86,0.3107,5.9,24.751,8.222,0,0,1
2,1,"TORM",0,0,0,4,1.3056,8233,1,0,4,4,24465,752,460.05,1734.86,0.3107,5.473,22.937,8.671,0,0,1
2,1,"TORM",0,0,0,5,1.3069,8233,1,0,5,5,24465,752,460.05,1734.86,0.3107,5.165,21.56,9.069,0,0,1
2,1,"TORM",0,0,0,6,1.3072,8233,1,0,6,6,24465,752,460.05,1734.86,0.3107,4.94,20.583,9.296,0,0,1
2,1,"TORM",0,0,0,7,1.325,8233,1,0,7,7,24465,752,460.05,1734.86,0.3107,4.778,20.143,10.11,0,0,1
2,1,"TORM",0,0,0,8,1.503,8233,1,0,8,8,24465,752,655.58,2125.71,0.2382,7.732,35.96,10.643,0,0,1
2,1,"TORM",0,0,0,9,1.552,8233,1,0,9,9,24465,752,655.58,2125.71,0.2382,7.597,35.96,11.664,0,0,1
2,1,"TORM",0,0,0,10,1.5518,8233,1,0,10,10,24465,752,655.58,2125.71,0.2382,7.511,35.96,11.664,0,0,1
2,2,"GYGES",0,0,0,0,0.9021,5694,1,1,0,1,5400,374,238.46,769.71,1,1.897,5.82,7.045,0,0,1
2,2,"GYGES",0,0,0,1,0.9354,5694,1,1,1,2,5400,374,238.46,769.71,1,1.897,5.82,7.854,0,0,1
2,2,"GYGES",0,0,0,2,0.9545,5694,1,1,2,3,5400,374,267.97,769.71,1,2.061,5.82,8.389,0,0,1
2,2,"GYGES",0,0,0,3,1.1402,5694,1,1,3,4,5400,374,422.44,1332,1,2.606,7.983,8.872,0,0,1
2,2,"GYGES",0,0,0,4,1.1439,5694,1,1,4,5,5400,374,422.44,1332,1,2.166,6.269,9.421,0,0,1
2,2,"GYGES",0,0,0,5,1.1465,5694,1,1,5,6,5400,374,422.44,1332,1,1.849,5.169,9.856,0,0,1
2,2,"GYGES",0,0,0,6,1.1673,5694,1,1,6,7,5400,374,422.44,1332,1,1.607,4.494,10.219,0,0,1
2,2,"GYGES",0,0,0,7,1.1971,5694,1,1,7,8,5400,374,479.87,1332,1,1.737,5.246,11.084,0,0,1
2,2,"GYGES",0,0,0,8,1.4688,5694,1,1,8,9,5400,374,795.47,2506.29,1,2.538,6.76,11.65,0,0,1
2,2,"GYGES",0,0,0,9,1.4965,5694,1,1,9,10,5400,374,795.47,2506.29,1,2.33,6.037,12.784,0,0,1
2,2,"GYGES",0,0,0,10,1.4929,5694,1,0,10,10,5400,374,795.47,2506.29,1,2.166,5.52,12.784,0,0,1
2,3,"BONUS",1,0,0,0,0.474,1900,1,0,0,0,8100,60,157.89,685.71,0,0,0,4.12,0,0,1
2,3,"BONUS",1,0,0,1,0.4942,1900,1,0,1,1,8100,60,157.89,685.71,0,0,0,5.099,0,0,1
2,3,"BONUS",1,0,0,2,0.5066,1900,1,0,2,2,8100,60,157.89,685.71,0,0,0,5.615,0,0,1
2,3,"BONUS",1,0,0,3,0.5164,1900,1,0,3,3,8100,60,157.89,685.71,0,0,0,6.012,0,0,1
2,3,"BONUS",1,0,0,4,0.5325,1900,1,0,4,4,8100,60,157.89,685.71,0,0,0,6.825,0,0,1
2,3,"BONUS",1,0,0,5,0.5455,1900,1,0,5,5,8100,60,157.89,685.71,0,0,0,7.4,0,0,1
2,3,"BONUS",1,0,0,6,0.5576,1900,1,0,6,6,8100,60,157.89,685.71,0,0,0,8.122,0,0,1
2,3,"BONUS",1,0,0,7,0.5936,1900,1,0,7,7,8100,60,157.89,685.71,0,0,0,9.767,0,0,1
2,3,"BONUS",1,0,0,8,0.6227,1900,1,0,8,8,8100,60,157.89,685.71,0,0,0,10.994,0,0,1
2,3,"BONUS",1,0,0,9,0.6951,1900,1,0,9,9,8100,60,157.89,685.71,0,0,0,14.012,0,0,1
2,3,"BONUS",1,0,0,10,0.6951,1900,1,0,10,10,8100,60,157.89,685.71,0,0,0,14.012,0,0,1
2,4,"ASTCITY",0,0,0,0,1.1549,6521,1,1,1,1,7900,417,844.56,1908,0.7854,8.274,16.923,5.197,0,0,1
2,4,"ASTCITY",0,0,0,1,1.1549,6521,1,0,1,1,7900,417,844.56,1908,0.7854,8.274,16.923,5.198,0,0,1
2,4,"ASTCITY",0,0,0,2,1.1549,6521,1,1,1,1,7900,417,844.56,1908,0.7854,8.274,16.923,5.198,0,0,1
2,4,"ASTCITY",0,0,0,3,1.1728,6521,1,1,2,2,7900,417,844.56,1908,0.7854,8.274,16.923,5.848,0,0,1
2,4,"ASTCITY",0,0,0,4,1.5847,6521,1,1,3,3,7900,417,1580.83,3732,0.7901,13.285,26.671,6.376,0,0.0003,1
2,4,"ASTCITY",0,0,0,5,1.6021,6521,1,1,4,4,7900,417,1582.12,3756,0.7902,11.581,25.006,7.223,0,0,1
2,4,"ASTCITY",0,0,0,6,1.6092,6521,1,1,5,5,7900,417,1582.12,3756,0.7902,9.972,22.877,7.818,0,0,1
2,4,"ASTCITY",0,0,0,7,1.6147,6521,1,1,6,6,7900,417,1582.12,3756,0.7902,8.846,21.306,8.293,0,0,1
2,4,"ASTCITY",0,0,0,8,1.6555,6521,1,1,7,7,7900,417,1582.12,3756,0.7902,7.962,20.26,9.731,0,0,1
2,4,"ASTCITY",0,0,0,9,2.21,6521,1,1,8,8,7900,417,2877.67,7020,0.8031,13.106,32.223,10.663,0,0.0028,1
2,4,"ASTCITY",0,0,0,10,2.2999,6521,1,1,9,9,7900,417,2880.17,7044,0.8023,12.175,31.3,12.696,0,0.0025,1
2,5,"SOH JIN",0,0,0,0,0.5243,5150,1,0,0,0,9970,454,71.5,148,0,1.69,3.423,4.212,0.382,0,1
2,5,"SOH JIN",0,0,0,1,0.5398,5150,1,0,1,1,9970,454,71.5,148,0,1.69,3.423,4.582,0.382,0,1
2,5,"SOH JIN",0,0,0,2,0.552,5150,1,0,2,2,9970,454,71.5,148,0,1.69,3.423,4.84,0.382,0,1
2,5,"SOH JIN",0,0,0,3,0.6367,5150,1,0,3,3,9970,454,114.85,238,0,2.697,5.54,5.033,0.382,0,1
2,5,"SOH JIN",0,0,0,4,0.6493,5150,1,0,4,4,9970,454,114.85,238,0,2.697,5.54,5.291,0.382,0,1
2,5,"SOH JIN",0,0,0,5,0.6603,5150,1,0,5,5,9970,454,114.85,238,0,2.697,5.54,5.469,0.382,0,1
2,5,"SOH JIN",0,0,0,6,0.6676,5150,1,0,6,6,9970,454,114.85,238,0,2.697,5.54,5.617,0.382,0,1
2,5,"SOH JIN",0,0,0,7,0.6885,5150,1,0,7,7,9970,454,114.85,238,0,2.697,5.54,6.041,0.382,0,1
2,5,"SOH JIN",0,0,0,8,0.7774,5150,1,0,8,8,9970,454,172.49,360,0,3.899,8.114,6.309,0.382,0,1
2,5,"SOH JIN",0,0,0,9,0.7982,5150,1,0,9,9,9970,454,172.49,360,0,3.899,8.114,6.879,0.382,0,1
2,5,"SOH JIN",0,0,0,10,0.7982,5150,1,0,10,10,9970,454,172.49,360,0,3.899,8.114,6.879,0.382,0,1
2,6,"GRYPHON",0,0,0,0,0.679,7383,1,0,0,0,9020,602,73.29,188,0,4.048,14.491,6.542,0,0,1
2,6,"GRYPHON",0,0,0,1,0.7246,7383,1,0,1,1,9020,602,73.29,188,0,4.048,14.491,7.222,0,0,1
2,6,"GRYPHON",0,0,0,2,0.7617,7383,1,0,2,2,9020,602,73.29,188,0,4.048,14.491,7.637,0,0,1
2,6,"GRYPHON",0,0,0,3,0.9046,7383,1,0,3,3,9020,602,124.01,352,0,7.119,25.966,7.87,0,0,1
2,6,"GRYPHON",0,0,0,4,0.9078,7383,1,0,4,4,9020,602,124.01,352,0,7.119,25.966,8.258,0,0,1
2,6,"GRYPHON",0,0,0,5,0.9104,7383,1,0,5,5,9020,602,124.01,352,0,7.119,25.966,8.537,0,0,1
2,6,"GRYPHON",0,0,0,6,0.9123,7383,1,0,6,6,9020,602,124.01,352,0,7.119,25.966,8.735,0,0,1
2,6,"GRYPHON",0,0,0,7,0.9203,7383,1,0,7,7,9020,602,124.01,352,0,7.119,25.966,9.431,0,0,1
2,6,"GRYPHON",0,0,0,8,1.0757,7383,1,0,8,8,9020,602,191.81,560,0,11.767,42.917,9.917,0,0.0043,1
2,6,"GRYPHON",0,0,0,9,1.1001,7383,1,0,9,9,9020,602,191.81,560,0,11.767,42.917,10.948,0,0.0043,1
2,6,"GRYPHON",0,0,0,10,1.1001,7383,1,0,10,10,9020,602,191.81,560,0,11.767,42.917,10.948,0,0.0043,1
2,7,"GEM WAR",0,1,0,0,0.9418,7466,1,0,0,0,8200,493,289.31,714.29,0,0,0,13.39,0,0,1
2,7,"GEM WAR",0,1,0,1,1.0117,7466,1,0,1,1,8200,493,289.31,714.29,0,0,0,14.471,0,0,1
2,7,"GEM WAR",0,1,0,2,1.0682,7466,1,0,2,2,8200,493,289.31,714.29,0,0,0,15.036,0,0,1
2,7,"GEM WAR",0,1,0,3,1.0704,7466,1,0,3,3,8200,493,289.31,714.29,0,0,0,15.213,0,0,1
2,7,"GEM WAR",0,1,0,4,1.0769,7466,1,0,4,4,8200,493,289.31,714.29,0,0,0,15.839,0,0,1
2,7,"GEM WAR",0,1,0,5,1.0804,7466,1,0,5,5,8200,493,289.31,714.29,0,0,0,16.105,0,0,1
2,7,"GEM WAR",0,1,0,6,1.0847,7466,1,0,6,6,8200,493,289.31,714.29,0,0,0,16.542,0,0,1
2,7,"GEM WAR",0,1,0,7,1.0976,7466,1,0,7,7,8200,493,289.31,714.29,0,0,0,17.605,0,0,1
2,7,"GEM WAR",0,1,0,8,1.1088,7466,1,0,8,8,8200,493,289.31,714.29,0,0,0,18.433,0,0,1
2,7,"GEM WAR",0,1,0,9,1.1445,7466,1,0,9,9,8200,493,289.31,714.29,0,0,0,20.611,0,0,1
2,7,"GEM WAR",0,1,0,10,1.1445,7466,1,0,10,10,8200,493,289.31,714.29,0,0,0,20.611,0,0,1
2,8,"MARKERS",0,1,0,0,0.8105,3450,1,0,0,0,8200,764,93.16,451.43,0,3.43,24.729,12.632,0,0,1
2,8,"MARKERS",0,1,0,1,0.87,3450,1,0,1,1,8200,764,93.16,451.43,0,3.43,24.729,13.577,0,0,1
2,8,"MARKERS",0,1,0,2,0.9195,3450,1,0,2,2,8200,764,93.16,451.43,0,3.43,24.729,14.136,0,0,1
2,8,"MARKERS",0,1,0,3,0.9897,3450,1,0,3,3,8200,764,119.94,507.43,0,5.579,40.169,14.3,0,0.0003,1
2,8,"MARKERS",0,1,0,4,0.9924,3450,1,0,4,4,8200,764,119.94,507.43,0,5.579,40.169,14.536,0,0.0003,1
2,8,"MARKERS",0,1,0,5,0.9945,3450,1,0,5,5,8200,764,119.94,507.43,0,5.579,40.169,14.72,0,0.0003,1
2,8,"MARKERS",0,1,0,6,0.9962,3450,1,0,6,6,8200,764,119.94,507.43,0,5.579,40.169,14.85,0,0.0003,1
2,8,"MARKERS",0,1,0,7,1.0025,3450,1,0,7,7,8200,764,119.94,507.43,0,5.579,40.169,15.279,0,0.0003,1
2,8,"MARKERS",0,1,0,8,1.0531,3450,1,0,8,8,8200,764,143.88,571.43,0,7.14,48.371,15.573,0,0.0061,1
2,8,"MARKERS",0,1,0,9,1.0706,3450,1,0,9,9,8200,764,143.88,571.43,0,7.14,48.371,16.195,0,0.0061,1
2,8,"MARKERS",0,1,0,10,1.0706,3450,1,0,10,10,8200,764,143.88,571.43,0,7.14,48.371,16.195,0,0.0061,1
2,9,"MISTAKES",0,1,0,0,0.6333,4252,1,0,0,0,7180,495,115.24,372,0.1182,3.35,21.371,2.073,0.164,0,1
2,9,"MISTAKES",0,1,0,1,0.6478,4252,1,0,1,1,7180,495,115.24,372,0.1182,3.35,21.371,2.552,0.164,0,1
2,9,"MISTAKES",0,1,0,2,0.6582,4252,1,0,2,2,7180,495,115.24,372,0.1182,3.35,21.371,2.884,0.164,0,1
2,9,"MISTAKES",0,1,0,3,0.788,4252,1,0,3,3,7180,495,186.85,600,0.1243,4.949,31.4,3.166,0.164,0.0026,1
2,9,"MISTAKES",0,1,0,4,0.7991,4252,1,0,4,4,7180,495,186.85,600,0.1243,4.78,31.4,3.543,0.164,0.0026,1
2,9,"MISTAKES",0,1,0,5,0.8088,4252,1,0,5,5,7180,495,186.85,600,0.1243,4.702,31.4,3.844,0.164,0.0026,1
2,9,"MISTAKES",0,1,0,6,0.8149,4252,1,0,6,6,7180,495,186.85,600,0.1243,4.656,31.4,4.031,0.164,0.0026,1
2,9,"MISTAKES",0,1,0,7,0.8372,4252,1,0,7,7,7180,495,186.85,600,0.1243,4.603,31.4,4.698,0.164,0.0026,1
2,9,"MISTAKES",0,1,0,8,1.0396,4252,1,0,8,8,7180,495,314.28,1200,0.164,6.211,38.054,5.136,0.164,0.0099,1
2,9,"MISTAKES",0,1,0,9,1.0889,4252,1,0,9,9,7180,495,314.28,1200,0.164,6.165,38.054,6.021,0.164,0.0099,1
2,9,"MISTAKES",0,1,0,10,1.0888,4252,1,0,10,10,7180,495,314.28,1200,0.164,6.109,38.054,6.021,0.164,0.0099,1
2,10,"BOTANY A",0,0,0,0,0.9038,6827,1,1,1,1,8800,473,282.64,706.29,0.3608,4.792,12.166,7.231,0,0,1
2,10,"BOTANY A",0,0,0,1,0.9361,6827,1,1,2,2,8800,473,282.64,706.29,0.3608,4.792,12.166,7.834,0,0,1
2,10,"BOTANY A",0,0,0,2,1.139,6827,1,1,3,3,8800,473,490.93,1251.43,0.3796,6.8,17.2,8.244,0,0,1
2,10,"BOTANY A",0,0,0,3,1.1385,6827,1,1,4,4,8800,473,490.93,1251.43,0.3796,6.026,15.769,8.725,0,0,1
2,10,"BOTANY A",0,0,0,4,1.1413,6827,1,1,5,5,8800,473,490.93,1251.43,0.3796,5.543,15.066,9.145,0,0,1
2,10,"BOTANY A",0,0,0,5,1.1431,6827,1,1,6,6,8800,473,490.93,1251.43,0.3796,5.239,14.68,9.373,0,0,1
2,10,"BOTANY A",0,0,0,6,1.1609,6827,1,1,7,7,8800,473,490.93,1251.43,0.3796,4.991,14.214,10.194,0,0,1
2,10,"BOTANY A",0,0,0,7,1.4648,6827,1,1,8,8,8800,473,853.2,2268.86,0.3786,8.24,23.391,10.708,0,0,1
2,10,"BOTANY A",0,0,0,8,1.5206,6827,1,1,9,9,8800,473,853.2,2268.86,0.3786,7.971,22.969,11.644,0,0,1
2,10,"BOTANY A",0,0,0,9,1.5193,6827,1,1,10,10,8800,473,853.2,2268.86,0.3786,7.77,22.706,11.644,0,0,1
2,10,"BOTANY A",0,0,0,10,1.5193,6827,1,0,10,10,8800,473,853.2,2268.86,0.3786,7.77,22.706,11.644,0,0,1
2,11,"BOTANY B",0,0,0,0,1.0036,6827,1,1,1,1,8800,138,448.84,997.71,0.4182,7.132,13.88,5.212,0,0,1
2,11,"BOTANY B",0,0,0,1,1.0333,6827,1,1,2,2,8800,138,448.84,997.71,0.4182,7.132,13.88,5.563,0,0,1
2,11,"BOTANY B",0,0,0,2,1.2856,6827,1,1,3,3,8800,138,794.4,1810.29,0.4326,10.447,19.56,5.775,0,0,1
2,11,"BOTANY B",0,0,0,3,1.2793,6827,1,1,4,4,8800,138,794.4,1810.29,0.4326,9.381,17.534,6.025,0,0,1
2,11,"BOTANY B",0,0,0,4,1.2763,6827,1,1,5,5,8800,138,794.4,1810.29,0.4326,8.711,16.28,6.248,0,0,1
2,11,"BOTANY B",0,0,0,5,1.2735,6827,1,1,6,6,8800,138,794.4,1810.29,0.4326,8.268,15.291,6.373,0,0,1
2,11,"BOTANY B",0,0,0,6,1.279,6827,1,1,7,7,8800,138,794.4,1810.29,0.4326,7.902,14.603,6.821,0,0,1
2,11,"BOTANY B",0,0,0,7,1.6516,6827,1,1,8,8,8800,138,1419.36,3322.29,0.4345,13.503,26.891,7.107,0,0,1
2,11,"BOTANY B",0,0,0,8,1.6774,6827,1,1,9,9,8800,138,1419.36,3322.29,0.4345,13.106,26.166,7.654,0,0,1
2,11,"BOTANY B",0,0,0,9,1.6745,6827,1,1,10,10,8800,138,1419.36,3322.29,0.4345,12.783,25.44,7.654,0,0,1
2,11,"BOTANY B",0,0,0,10,1.6745,6827,1,0,10,10,8800,138,1419.36,3322.29,0.4345,12.783,25.44,7.654,0,0,1
2,12,"BONUS",1,0,0,0,0.2306,1400,1,1,1,1,4200,288,25.93,68.57,0.7,0.22,0.486,3.723,0,0,1
2,12,"BONUS",1,0,0,1,0.2422,1400,1,1,2,2,4200,288,25.93,68.57,0.7,0.22,0.486,4.246,0,0,1
2,12,"BONUS",1,0,0,2,0.2988,1400,1,1,3,3,4200,288,51.86,137.14,0.7,0.295,0.597,4.678,0,0,1
2,12,"BONUS",1,0,0,3,0.3109,1400,1,1,4,4,4200,288,51.86,137.14,0.7,0.274,0.563,5.244,0,0,1
2,12,"BONUS",1,0,0,4,0.3204,1400,1,1,5,5,4200,288,51.86,137.14,0.7,0.24,0.5,5.672,0,0,1
2,12,"BONUS",1,0,0,5,0.3266,1400,1,1,6,6,4200,288,51.86,137.14,0.7,0.225,0.466,5.965,0,0,1
2,12,"BONUS",1,0,0,6,0.3534,1400,1,1,7,7,4200,288,51.86,137.14,0.7,0.2,0.449,6.951,0,0,1
2,12,"BONUS",1,0,0,7,0.4437,1400,1,1,8,8,4200,288,101.79,274.29,0.7568,0.275,0.634,7.602,0,0,1
2,12,"BONUS",1,0,0,8,0.4988,1400,1,1,9,9,4200,288,101.79,274.29,0.7568,0.259,0.606,8.875,0,0,1
2,12,"BONUS",1,0,0,9,0.4985,1400,1,1,10,10,4200,288,101.79,274.29,0.7568,0.244,0.594,8.875,0,0,1
2,12,"BONUS",1,0,0,10,0.4985,1400,1,0,10,10,4200,288,101.79,274.29,0.7568,0.244,0.594,8.875,0,0,1
3,1,"CAMANIS",0,0,0,0,1.0741,8306,1,0,0,0,8100,455,340.21,931.43,0.2465,2.978,9.3,8.16,0,0,1
3,1,"CAMANIS",0,0,0,1,1.0773,8306,1,0,1,1,8100,455,340.21,931.43,0.2465,2.978,9.3,8.489,0,0,1
3,1,"CAMANIS",0,0,0,2,1.0795,8306,1,0,2,2,8100,455,340.21,931.43,0.2465,2.978,9.3,8.675,0,0,1
3,1,"CAMANIS",0,0,0,3,1.2654,8306,1,0,3,3,8100,455,517.67,1440,0.2816,4.416,16.034,8.806,0,0,1
3,1,"CAMANIS",0,0,0,4,1.2678,8306,1,0,4,4,8100,455,517.67,1440,0.2816,4.097,16.034,9.133,0,0,1
3,1,"CAMANIS",0,0,0,5,1.2697,8306,1,0,5,5,8100,455,517.67,1440,0.2816,3.762,16.034,9.365,0,0,1
3,1,"CAMANIS",0,0,0,6,1.2712,8306,1,0,6,6,8100,455,517.67,1440,0.2816,3.536,16.034,9.526,0,0,1
3,1,"CAMANIS",0,0,0,7,1.2793,8306,1,0,7,7,8100,455,517.67,1440,0.2816,3.369,16.034,10.082,0,0,1
3,1,"CAMANIS",0,0,0,8,1.5969,8306,1,0,8,8,8100,455,834.48,2694.86,0.3073,5.454,24.509,10.49,0,0,1
3,1,"CAMANIS",0,0,0,9,1.6202,8306,1,0,9,9,8100,455,834.48,2694.86,0.3073,5.254,24.509,11.399,0,0,1
3,1,"CAMANIS",0,0,0,10,1.6199,8306,1,0,10,10,8100,455,834.48,2694.86,0.3073,5.089,24.509,11.399,0,0,1
3,2,"AST. CITY",0,1,0,0,0.8829,7292,1,1,1,1,7900,355,388.04,956.86,0.5897,3.944,10.869,4.694,0,0,1
3,2,"AST. CITY",0,1,0,1,0.8829,7292,1,0,1,1,7900,355,388.04,956.86,0.5897,3.944,10.869,4.694,0,0,1
3,2,"AST. CITY",0,1,0,2,0.8829,7292,1,1,1,1,7900,355,388.04,956.86,0.5897,3.944,10.869,4.694,0,0,1
3,2,"AST. CITY",0,1,0,3,0.903,7292,1,1,2,2,7900,355,388.04,956.86,0.5897,3.944,10.869,5.177,0,0,1
3,2,"AST. CITY",0,1,0,4,1.1952,7395,1,1,3,3,7900,355,724.3,1827.43,0.6012,6.513,18.611,5.45,0,0,1
3,2,"AST. CITY",0,1,0,5,1.2123,7395,1,1,4,4,7900,355,724.3,1827.43,0.6012,5.849,17.749,6.048,0,0,1
3,2,"AST. CITY",0,1,0,6,1.2242,7395,1,1,5,5,7900,355,724.3,1827.43,0.6012,5.187,16.709,6.448,0,0,1
3,2,"AST. CITY",0,1,0,7,1.2317,7395,1,1,6,6,7900,355,724.3,1827.43,0.6012,4.683,15.874,6.776,0,0,1
3,2,"AST. CITY",0,1,0,8,1.2737,7395,1,1,7,7,7900,355,724.3,1827.43,0.6012,4.324,15.357,7.739,0,0,1
3,2,"AST. CITY",0,1,0,9,1.6965,7558,1,1,8,8,7900,355,1337.81,3546.86,0.6154,7.408,27.206,8.268,0,0,1
3,2,"AST. CITY",0,1,0,10,1.7524,7558,1,1,9,9,7900,355,1337.81,3546.86,0.6154,6.992,26.569,9.569,0,0,1
3,3,"GAUNTLET",0,0,0,0,0.4054,3021,1,1,1,1,9356,675,0,0,0,0,0,9.205,5.502,0,1
3,3,"GAUNTLET",0,0,0,1,0.4054,3021,1,0,1,1,9356,675,0,0,0,0,0,9.205,5.502,0,1
3,3,"GAUNTLET",0,0,0,2,0.4054,3021,1,1,1,1,9356,675,0,0,0,0,0,9.205,5.502,0,1
3,3,"GAUNTLET",0,0,0,3,0.4132,3021,1,1,2,2,9356,675,0,0,0,0,0,9.584,5.502,0,1
3,3,"GAUNTLET",0,0,0,4,0.4203,3021,1,1,3,3,9356,675,0,0,0,0,0,9.921,5.502,0,1
3,3,"GAUNTLET",0,0,0,5,0.431,3021,1,1,4,4,9356,675,0,0,0,0,0,10.413,5.502,0,1
3,3,"GAUNTLET",0,0,0,6,0.4394,3021,1,1,5,5,9356,675,0,0,0,0,0,10.782,5.502,0,1
3,3,"GAUNTLET",0,0,0,7,0.4461,3021,1,1,6,6,9356,675,0,0,0,0,0,11.076,5.502,0,1
3,3,"GAUNTLET",0,0,0,8,0.47,3021,1,1,7,7,9356,675,0,0,0,0,0,12.032,5.502,0,1
3,3,"GAUNTLET",0,0,0,9,0.4892,3021,1,1,8,8,9356,675,0,0,0,0,0,12.705,5.502,0,1
3,3,"GAUNTLET",0,0,0,10,0.5447,3021,1,1,9,9,9356,675,0,0,0,0,0,14.168,5.502,0,1
3,4,"IXMUCANE",0,0,0,0,0.8458,6805,1,0,0,0,7000,513,14.81,216,1,0.139,2.069,12.558,5.941,0,1
3,4,"IXMUCANE",0,0,0,1,0.8831,6805,1,0,1,1,7000,513,14.81,216,1,0.139,2.069,13.829,5.941,0,1
3,4,"IXMUCANE",0,0,0,2,0.911,6805,1,0,2,2,7000,513,14.81,216,1,0.139,2.069,14.648,5.941,0,1
3,4,"IXMUCANE",0,0,0,3,1.034,6805,1,0,3,3,7000,513,29.63,432,1,0.198,3.043,15.24,5.941,0,1
3,4,"IXMUCANE",0,0,0,4,1.0456,6805,1,0,4,4,7000,513,29.63,432,1,0.155,2.343,16.123,5.941,0,1
3,4,"IXMUCANE",0,0,0,5,1.0575,6805,1,0,5,5,7000,513,29.63,432,1,0.131,1.994,16.72,5.941,0,1
3,4,"IXMUCANE",0,0,0,6,1.0652,6805,1,0,6,6,7000,513,29.63,432,1,0.114,1.749,17.202,5.941,0,1
3,4,"IXMUCANE",0,0,0,7,1.1058,6805,1,0,7,7,7000,513,29.63,432,1,0.101,1.543,18.645,5.941,0,1
3,4,"IXMUCANE",0,0,0,8,1.251,6805,1,0,8,8,7000,513,49.38,720,1,0.141,2.14,19.613,5.941,0,1
3,4,"IXMUCANE",0,0,0,9,1.319,6805,1,0,9,9,7000,513,49.38,720,1,0.126,1.897,21.567,5.941,0,1
3,4,"IXMUCANE",0,0,0,10,1.3174,6805,1,0,10,10,7000,513,49.38,720,1,0.115,1.76,21.567,5.941,0,1
3,5,"BONUS",1,0,0,0,1.312,5200,1,0,0,0,9020,483,570.69,1632,0.2208,8.258,17.177,7.087,4.606,0,1
3,5,"BONUS",1,0,0,1,1.3295,5200,1,0,1,1,9020,483,570.69,1632,0.2208,8.258,17.177,7.571,4.606,0,1
3,5,"BONUS",1,0,0,2,1.3427,5200,1,0,2,2,9020,483,570.69,1632,0.2208,8.258,17.177,7.89,4.606,0,1
3,5,"BONUS",1,0,0,3,1.6975,5200,1,0,3,3,9020,483,1050.92,3168,0.2269,13.064,28.977,8.104,4.606,0,1
3,5,"BONUS",1,0,0,4,1.7087,5200,1,0,4,4,9020,483,1050.92,3168,0.2269,12.222,28.977,8.373,4.606,0,1
3,5,"BONUS",1,0,0,5,1.7194,5200,1,0,5,5,9020,483,1050.92,3168,0.2269,11.629,28.977,8.603,4.606,0,1
3,5,"BONUS",1,0,0,6,1.7278,5200,1,0,6,6,9020,483,1050.92,3168,0.2269,11.222,28.977,8.883,4.606,0,1
3,5,"BONUS",1,0,0,7,1.7594,5200,1,0,7,7,9020,483,1050.92,3168,0.2269,10.918,28.977,9.461,4.606,0,1
3,5,"BONUS",1,0,0,8,2.212,5200,1,0,8,8,9020,483,1909.96,5652,0.2219,19.372,49.157,9.836,4.606,0.0129,1
3,5,"BONUS",1,0,0,9,2.2487,5200,1,0,9,9,9020,483,1909.96,5652,0.2219,19.055,49.157,10.758,4.606,0.0129,1
3,5,"BONUS",1,0,0,10,2.2483,5200,1,0,10,10,9020,483,1909.96,5652,0.2219,18.749,49.157,10.758,4.606,0.0129,1
3,6,"FLEET",0,0,0,0,1.6844,9850,1,0,0,0,8050,1223,70.83,425.71,0.0889,1.417,6.5,34.419,17.253,0,1
3,6,"FLEET",0,0,0,1,1.6923,9850,1,0,1,1,8050,1223,70.83,425.71,0.0889,1.417,6.5,35.074,17.253,0,1
3,6,"FLEET",0,0,0,2,1.6986,9850,1,0,2,2,8050,1223,70.83,425.71,0.0889,1.417,6.5,35.511,17.253,0,1
3,6,"FLEET",0,0,0,3,1.7697,9850,1,0,3,3,8050,1223,111.3,524.57,0.0503,2.208,9.097,35.803,17.253,0,1
3,6,"FLEET",0,0,0,4,1.7758,9850,1,0,4,4,8050,1223,111.3,524.57,0.0503,2.176,9.097,36.17,17.253,0,1
3,6,"FLEET",0,0,0,5,1.7815,9850,1,0,5,5,8050,1223,111.3,524.57,0.0503,2.158,9.097,36.476,17.253,0,1
3,6,"FLEET",0,0,0,6,1.785,9850,1,0,6,6,8050,1223,111.3,524.57,0.0503,2.144,9.097,36.641,17.253,0,1
3,6,"FLEET",0,0,0,7,1.8014,9850,1,0,7,7,8050,1223,111.3,524.57,0.0503,2.132,9.097,37.228,17.253,0,1
3,6,"FLEET",0,0,0,8,1.9969,9850,1,0,8,8,8050,1223,185.88,946.29,0.0303,3.651,15.257,37.625,17.253,0,1
3,6,"FLEET",0,0,0,9,2.0238,9850,1,0,9,9,8050,1223,185.88,946.29,0.0303,3.645,15.257,38.214,17.253,0,1
3,6,"FLEET",0,0,0,10,2.0238,9850,1,0,10,10,8050,1223,185.88,946.29,0.0303,3.641,15.257,38.214,17.253,0,1
3,7,"STARGATE",0,0,0,0,0.4839,5161,1,0,0,0,9000,424,5.58,41.14,0,0.306,2.417,4.935,1.003,0,1
3,7,"STARGATE",0,0,0,1,0.5092,5161,1,0,1,1,9000,424,5.58,41.14,0,0.306,2.417,5.917,1.003,0,1
3,7,"STARGATE",0,0,0,2,0.5273,5161,1,0,2,2,9000,424,5.58,41.14,0,0.306,2.417,6.592,1.003,0,1
3,7,"STARGATE",0,0,0,3,0.5876,5161,1,0,3,3,9000,424,10.46,72,0,0.56,4.04,7.135,1.003,0,1
3,7,"STARGATE",0,0,0,4,0.6073,5161,1,0,4,4,9000,424,10.46,72,0,0.56,4.04,7.882,1.003,0,1
3,7,"STARGATE",0,0,0,5,0.6241,5161,1,0,5,5,9000,424,10.46,72,0,0.56,4.04,8.463,1.003,0,1
3,7,"STARGATE",0,0,0,6,0.6366,5161,1,0,6,6,9000,424,10.46,72,0,0.56,4.04,8.96,1.003,0,1
3,7,"STARGATE",0,0,0,7,0.6795,5161,1,0,7,7,9000,424,10.46,72,0,0.56,4.04,10.356,1.003,0,1
3,7,"STARGATE",0,0,0,8,0.7912,5161,1,0,8,8,9000,424,20.23,144,0,1.068,7.731,11.305,1.003,0,1
3,7,"STARGATE",0,0,0,9,0.8875,5161,1,0,9,9,9000,424,20.23,144,0,1.068,7.731,13.361,1.003,0,1
3,7,"STARGATE",0,0,0,10,0.8875,5161,1,0,10,10,9000,424,20.23,144,0,1.068,7.731,13.361,1.003,0,1
3,8,"TYRIAN X",0,0,0,0,0.8808,7278,1,1,1,1,9400,543,151.47,468,0.215,3.817,11.866,7.449,0,0,1
3,8,"TYRIAN X",0,0,0,1,0.8825,7278,1,1,2,2,9400,543,151.47,468,0.215,3.817,11.866,7.637,0,0,1
3,8,"TYRIAN X",0,0,0,2,1.0429,7278,1,1,3,3,9400,543,263.92,768,0.2102,6.301,20.286,7.818,0,0,1
3,8,"TYRIAN X",0,0,0,3,1.0458,7278,1,1,4,4,9400,543,263.92,768,0.2102,6.039,20.286,8.181,0,0,1
3,8,"TYRIAN X",0,0,0,4,1.0475,7278,1,1,5,5,9400,543,263.92,768,0.2102,5.823,20.286,8.387,0,0,1
3,8,"TYRIAN X",0,0,0,5,1.0497,7278,1,1,6,6,9400,543,263.92,768,0.2102,5.677,20.286,8.627,0,0,1
3,8,"TYRIAN X",0,0,0,6,1.0581,7278,1,1,7,7,9400,543,263.92,768,0.2102,5.585,20.286,9.299,0,0,1
3,8,"TYRIAN X",0,0,0,7,1.2921,7278,1,1,8,8,9400,543,457.52,1392,0.2355,9.494,30.603,9.804,0,0.0054,1
3,8,"TYRIAN X",0,0,0,8,1.3131,7278,1,1,9,9,9400,543,457.52,1392,0.2355,9.388,30.603,11.007,0,0.0054,1
3,8,"TYRIAN X",0,0,0,9,1.3129,7278,1,1,10,10,9400,543,457.52,1392,0.2355,9.297,30.603,11.007,0,0.0054,1
3,8,"TYRIAN X",0,0,0,10,1.3129,7278,1,0,10,10,9400,543,457.52,1392,0.2355,9.297,30.603,11.007,0,0.0054,1
3,9,"SAWBLADES",0,1,0,0,0.5594,5250,1,0,0,0,7000,567,28.8,216,1,0.271,2.034,9.304,0,0,1
3,9,"SAWBLADES",0,1,0,1,0.601,5250,1,0,1,1,7000,567,28.8,216,1,0.271,2.034,11.066,0,0,1
3,9,"SAWBLADES",0,1,0,2,0.6324,5250,1,0,2,2,7000,567,28.8,216,1,0.271,2.034,12.178,0,0,1
3,9,"SAWBLADES",0,1,0,3,0.75,5250,1,0,3,3,7000,567,57.6,432,1,0.369,2.766,12.975,0,0,1
3,9,"SAWBLADES",0,1,0,4,0.7629,5250,1,0,4,4,7000,567,57.6,432,1,0.294,2.209,14.161,0,0,1
3,9,"SAWBLADES",0,1,0,5,0.7744,5250,1,0,5,5,7000,567,57.6,432,1,0.247,1.851,14.923,0,0,1
3,9,"SAWBLADES",0,1,0,6,0.7829,5250,1,0,6,6,7000,567,57.6,432,1,0.216,1.62,15.57,0,0,1
3,9,"SAWBLADES",0,1,0,7,0.8253,5250,1,0,7,7,7000,567,57.6,432,1,0.19,1.429,17.444,0,0,1
3,9,"SAWBLADES",0,1,0,8,0.9705,5250,1,0,8,8,7000,567,96,720,1,0.267,2.006,18.687,0,0,1
3,9,"SAWBLADES",0,1,0,9,1.0548,5250,1,0,9,9,7000,567,96,720,1,0.242,1.814,21.134,0,0,1
3,9,"SAWBLADES",0,1,0,10,1.0523,5250,1,0,10,10,7000,567,96,720,1,0.214,1.603,21.134,0,0,1
3,10,"SAVARA Y",0,0,0,0,0.7888,5221,1,0,0,0,5400,395,261.1,610.29,0.2691,1.533,6.229,7.197,0,0,1
3,10,"SAVARA Y",0,0,0,1,0.8312,5221,1,0,1,1,5400,395,261.1,610.29,0.2691,1.533,6.229,8,0,0,1
3,10,"SAVARA Y",0,0,0,2,0.8657,5221,1,0,2,2,5400,395,261.1,610.29,0.2691,1.533,6.229,8.492,0,0,1
3,10,"SAVARA Y",0,0,0,3,0.9985,5221,1,0,3,3,5400,395,347.52,992,0.3833,2.121,8.371,8.747,0,0,1
3,10,"SAVARA Y",0,0,0,4,0.9972,5221,1,0,4,4,5400,395,347.52,992,0.3833,1.707,6.217,9.103,0,0,1
3,10,"SAVARA Y",0,0,0,5,1,5221,1,0,5,5,5400,395,347.52,992,0.3833,1.485,5.171,9.343,0,0,1
3,10,"SAVARA Y",0,0,0,6,1.0058,5221,1,0,6,6,5400,395,347.52,992,0.3833,1.308,5.131,9.535,0,0,1
3,10,"SAVARA Y",0,0,0,7,1.0329,5221,1,0,7,7,5400,395,347.52,992,0.3833,1.197,5.103,10.098,0,0,1
3,10,"SAVARA Y",0,0,0,8,1.2355,5221,1,0,8,8,5400,395,500.59,1705.14,0.4626,1.844,7.029,10.452,0,0,1
3,10,"SAVARA Y",0,0,0,9,1.2513,5221,1,0,9,9,5400,395,500.59,1705.14,0.4626,1.725,6.991,11.072,0,0,1
3,10,"SAVARA Y",0,0,0,10,1.2508,5221,1,0,10,10,5400,395,500.59,1705.14,0.4626,1.624,6.957,11.072,0,0,1
3,11,"New Deli",0,0,0,0,1.1819,5726,1,1,1,1,9020,341,695.97,1755.43,0.5968,6.498,17.151,8.193,0,0,1
3,11,"New Deli",0,0,0,1,1.1819,5726,1,0,1,1,9020,341,695.97,1755.43,0.5968,6.498,17.151,8.196,0,0,1
3,11,"New Deli",0,0,0,2,1.2101,5726,1,0,2,2,9020,341,695.97,1755.43,0.5968,6.498,17.151,8.986,0,0,1
3,11,"New Deli",0,0,0,3,1.4731,5726,1,0,3,3,9020,341,1155.61,2626.29,0.5679,9.876,28.48,9.508,0,0.0002,1
3,11,"New Deli",0,0,0,4,1.4909,5726,1,0,4,4,9020,341,1155.61,2626.29,0.5679,8.877,28.22,10.126,0,0.0002,1
3,11,"New Deli",0,0,0,5,1.5059,5726,1,0,5,5,9020,341,1155.61,2626.29,0.5679,8.136,28.091,10.614,0,0.0002,1
3,11,"New Deli",0,0,0,6,1.5153,5726,1,0,6,6,9020,341,1155.61,2626.29,0.5679,7.613,27.969,10.946,0,0.0002,1
3,11,"New Deli",0,0,0,7,1.5604,5726,1,0,7,7,9020,341,1155.61,2626.29,0.5679,7.262,27.877,11.932,0,0.0002,1
3,11,"New Deli",0,0,0,8,1.8338,5726,1,0,8,8,9020,341,1908.44,3639.43,0.581,11.141,38.88,12.472,0,0.0122,1
3,11,"New Deli",0,0,0,9,1.8825,5726,1,0,9,9,9020,341,1909.48,3660.86,0.5812,10.716,38.686,13.52,0,0.0121,1
3,11,"New Deli",0,0,0,10,1.88,5726,1,0,10,10,9020,341,1909.69,3644.57,0.5807,10.361,38.723,13.52,0,0.0121,1
3,12,"MACES",1,0,0,0,0.3751,3206,1,1,1,1,7700,389,0,0,0,0,0,10.21,6.961,0,1
3,12,"MACES",1,0,0,1,0.3751,3206,1,0,1,1,7700,389,0,0,0,0,0,10.21,6.961,0,1
3,12,"MACES",1,0,0,2,0.3751,3206,1,1,1,1,7700,389,0,0,0,0,0,10.21,6.961,0,1
3,12,"MACES",1,0,0,3,0.3756,3206,1,1,2,2,7700,389,0,0,0,0,0,10.213,6.961,0,1
3,12,"MACES",1,0,0,4,0.376,3206,1,1,3,3,7700,389,0,0,0,0,0,10.216,6.961,0,1
3,12,"MACES",1,0,0,5,0.3766,3206,1,1,4,4,7700,389,0,0,0,0,0,10.22,6.961,0,1
3,12,"MACES",1,0,0,6,0.3772,3206,1,1,5,5,7700,389,0,0,0,0,0,10.223,6.961,0,1
3,12,"MACES",1,0,0,7,0.3775,3206,1,1,6,6,7700,389,0,0,0,0,0,10.224,6.961,0,1
3,12,"MACES",1,0,0,8,0.379,3206,1,1,7,7,7700,389,0,0,0,0,0,10.23,6.961,0,1
3,12,"MACES",1,0,0,9,0.3803,3206,1,1,8,8,7700,389,0,0,0,0,0,10.234,6.961,0,1
3,12,"MACES",1,0,0,10,0.3843,3206,1,1,9,9,7700,389,0,0,0,0,0,10.241,6.961,0,1
4,1,"HARVEST",0,0,0,0,0.8525,7801,1,0,0,0,9900,681,154.13,773.71,0.2838,2.841,12.54,4.803,0,0,1
4,1,"HARVEST",0,0,0,1,0.8778,7801,1,0,1,1,9900,681,154.13,773.71,0.2838,2.841,12.54,5.482,0,0,1
4,1,"HARVEST",0,0,0,2,0.9036,7801,1,0,2,2,9900,681,159.06,773.71,0.2668,2.997,12.54,5.949,0,0,1
4,1,"HARVEST",0,0,0,3,1.0718,7801,1,0,3,3,9900,681,266.43,1244.57,0.2415,4.507,13.986,6.252,0,0,1
4,1,"HARVEST",0,0,0,4,1.2713,7801,1,0,4,4,9900,681,261.92,1244.57,0.2493,3.99,12.137,16.169,0,0,1
4,1,"HARVEST",0,0,0,5,1.2964,7801,1,0,5,5,9900,681,261.92,1244.57,0.2493,3.741,12.137,16.845,0,0,1
4,1,"HARVEST",0,0,0,6,1.3116,7801,1,0,6,6,9900,681,261.92,1244.57,0.2493,3.567,12.137,17.154,0,0,1
4,1,"HARVEST",0,0,0,7,1.3809,7801,1,0,7,7,9900,681,261.92,1244.57,0.2493,3.454,12.137,18.21,0,0,1
4,1,"HARVEST",0,0,0,8,1.5913,7801,1,0,8,8,9900,681,419.07,1812.57,0.2118,5.912,22.54,18.685,0,0,1
4,1,"HARVEST",0,0,0,9,1.6121,7801,1,0,9,9,9900,681,419.07,1812.57,0.2118,5.958,22.54,19.336,0,0,1
4,1,"HARVEST",0,0,0,10,1.6119,7801,1,0,10,10,9900,681,419.07,1812.57,0.2118,5.868,22.54,19.336,0,0,1
4,2,"WINDY",1,1,0,0,0.3086,3400,1,0,0,0,8100,963,0,0,0,0,0,5.487,4.721,0,1
4,2,"WINDY",1,1,0,1,0.3139,3400,1,0,1,1,8100,963,0,0,0,0,0,5.683,4.721,0,1
4,2,"WINDY",1,1,0,2,0.3185,3400,1,0,2,2,8100,963,0,0,0,0,0,5.85,4.721,0,1
4,2,"WINDY",1,1,0,3,0.3227,3400,1,0,3,3,8100,963,0,0,0,0,0,5.999,4.721,0,1
4,2,"WINDY",1,1,0,4,0.3282,3400,1,0,4,4,8100,963,0,0,0,0,0,6.193,4.721,0,1
4,2,"WINDY",1,1,0,5,0.3332,3400,1,0,5,5,8100,963,0,0,0,0,0,6.36,4.721,0,1
4,2,"WINDY",1,1,0,6,0.3362,3400,1,0,6,6,8100,963,0,0,0,0,0,6.458,4.721,0,1
4,2,"WINDY",1,1,0,7,0.3492,3400,1,0,7,7,8100,963,0,0,0,0,0,6.84,4.721,0,1
4,2,"WINDY",1,1,0,8,0.3598,3400,1,0,8,8,8100,963,0,0,0,0,0,7.103,4.721,0,1
4,2,"WINDY",1,1,0,9,0.391,3400,1,0,9,9,8100,963,0,0,0,0,0,7.65,4.721,0,1
4,2,"WINDY",1,1,0,10,0.391,3400,1,0,10,10,8100,963,0,0,0,0,0,7.65,4.721,0,1
4,3,"SAVARA IV",0,0,0,0,1.0705,5655,1,0,0,0,9000,580,294.62,658.86,0.2511,10.141,22.749,9.724,1.072,0.0004,1
4,3,"SAVARA IV",0,0,0,1,1.1202,5655,1,0,1,1,9000,580,294.62,658.86,0.2511,10.141,22.749,10.732,1.072,0.0004,1
4,3,"SAVARA IV",0,0,0,2,1.1605,5655,1,0,2,2,9000,580,294.62,658.86,0.2511,10.141,22.749,11.386,1.072,0.0004,1
4,3,"SAVARA IV",0,0,0,3,1.2676,5655,1,0,3,3,9000,580,441.03,876,0.227,13.069,25.826,11.738,1.072,0.0002,1
4,3,"SAVARA IV",0,0,0,4,1.276,5655,1,0,4,4,9000,580,441.03,876,0.227,12.448,25.4,12.235,1.072,0.0002,1
4,3,"SAVARA IV",0,0,0,5,1.2826,5655,1,0,5,5,9000,580,441.03,876,0.227,11.963,24.823,12.566,1.072,0.0002,1
4,3,"SAVARA IV",0,0,0,6,1.2875,5655,1,0,6,6,9000,580,441.03,876,0.227,11.689,24.491,12.826,1.072,0.0002,1
4,3,"SAVARA IV",0,0,0,7,1.3135,5655,1,0,7,7,9000,580,441.03,876,0.227,11.498,24.311,13.607,1.072,0.0002,1
4,3,"SAVARA IV",0,0,0,8,1.5534,5655,1,0,8,8,9000,580,714.36,1568.57,0.2103,19.682,31.206,14.097,1.072,0.0002,1
4,3,"SAVARA IV",0,0,0,9,1.597,5655,1,0,9,9,9000,580,714.36,1568.57,0.2103,19.493,30.949,15.087,1.072,0.0002,1
4,3,"SAVARA IV",0,0,0,10,1.5962,5655,1,0,10,10,9000,580,714.36,1568.57,0.2103,19.337,30.734,15.087,1.072,0.0002,1
4,4,"SURFACE",0,0,0,0,1.2086,6087,1,1,1,1,65000,637,512.19,930,0.2367,4.828,8.466,9.391,6.133,0,1
4,4,"SURFACE",0,0,0,1,1.2203,6087,1,1,2,2,65000,637,512.19,930,0.2367,4.828,8.466,9.64,6.133,0,1
4,4,"SURFACE",0,0,0,2,1.466,6087,1,1,3,3,65000,637,904.68,1633.14,0.227,8.114,13.977,9.836,6.133,0,1
4,4,"SURFACE",0,0,0,3,1.5544,6087,1,1,4,4,65000,637,928.34,1988.57,0.2129,7.859,17.2,10.146,6.133,0,1
4,4,"SURFACE",0,0,0,4,1.5656,6087,1,1,5,5,65000,637,953.03,1988.57,0.2,7.926,16.749,10.436,6.133,0,1
4,4,"SURFACE",0,0,0,5,1.5647,6087,1,1,6,6,65000,637,953.03,1988.57,0.2,7.518,16.177,10.571,6.133,0,1
4,4,"SURFACE",0,0,0,6,1.5722,6087,1,1,7,7,65000,637,953.03,1988.57,0.2,7.246,15.889,10.997,6.133,0,1
4,4,"SURFACE",0,0,0,7,1.8938,6087,1,1,8,8,65000,637,1589.77,3298.29,0.1865,12.162,26.5,11.279,6.133,0,1
4,4,"SURFACE",0,0,0,8,1.9223,6087,1,1,9,9,65000,637,1589.77,3298.29,0.1865,12.021,26.363,11.847,6.133,0,1
4,4,"SURFACE",0,0,0,9,1.9219,6087,1,1,10,10,65000,637,1589.77,3298.29,0.1865,11.897,26.306,11.847,6.133,0,1
4,4,"SURFACE",0,0,0,10,1.9219,6087,1,0,10,10,65000,637,1589.77,3298.29,0.1865,11.897,26.306,11.847,6.133,0,1
4,5,"CORE",0,0,0,0,1.501,7395,1,0,0,0,10400,317,679.68,2962.29,0.4925,7.699,34.523,5.25,0,0.0042,1
4,5,"CORE",0,0,0,1,1.5054,7395,1,0,1,1,10400,317,679.68,2962.29,0.4925,7.699,34.523,5.644,0,0.0042,1
4,5,"CORE",0,0,0,2,1.5094,7395,1,0,2,2,10400,317,679.68,2962.29,0.4925,7.699,34.523,5.954,0,0.0042,1
4,5,"CORE",0,0,0,3,1.7627,7395,1,0,3,3,10400,317,975.73,4148.57,0.5188,10.568,50.471,6.273,0,0.0076,1
4,5,"CORE",0,0,0,4,1.7895,7395,1,0,4,4,10400,317,993.58,4296,0.5191,10.241,50.471,6.715,0,0.0054,1
4,5,"CORE",0,0,0,5,1.8229,7395,1,0,5,5,10400,317,1008.59,4508.57,0.5214,10.062,50.471,7.001,0,0.005,1
4,5,"CORE",0,0,0,6,1.8326,7395,1,0,6,6,10400,317,1012.4,4553.14,0.5212,9.875,50.471,7.254,0,0.0041,1
4,5,"CORE",0,0,0,7,1.8717,7395,1,0,7,7,10400,317,1021.08,4736.57,0.523,9.72,50.471,8.05,0,0.0037,1
4,5,"CORE",0,0,0,8,2.0104,7395,1,0,8,8,10400,317,1136.67,5526.86,0.5131,11.738,57.569,8.426,0,0.0289,1
4,5,"CORE",0,0,0,9,2.038,7395,1,0,9,9,10400,317,1134.56,5482.29,0.5134,11.646,57.569,9.654,0,0.03,1
4,5,"CORE",0,0,0,10,2.0694,7395,1,0,10,10,10400,317,1146.98,5744.57,0.5163,11.533,57.569,9.644,0,0.0299,1
4,6,"SIDE EXIT",0,0,0,0,0.9933,3700,1,0,0,0,9020,262,719.68,1542.86,0,12.676,30.74,3.459,0,0,1
4,6,"SIDE EXIT",0,0,0,1,1.0164,3700,1,0,1,1,9020,262,719.68,1542.86,0,12.676,30.74,4.168,0,0,1
4,6,"SIDE EXIT",0,0,0,2,1.0332,3700,1,0,2,2,9020,262,719.68,1542.86,0,12.676,30.74,4.589,0,0,1
4,6,"SIDE EXIT",0,0,0,3,1.0444,3700,1,0,3,3,9020,262,719.68,1542.86,0,12.676,30.74,4.864,0,0,1
4,6,"SIDE EXIT",0,0,0,4,1.0616,3700,1,0,4,4,9020,262,719.68,1542.86,0,12.676,30.74,5.391,0,0,1
4,6,"SIDE EXIT",0,0,0,5,1.0753,3700,1,0,5,5,9020,262,719.68,1542.86,0,12.676,30.74,5.726,0,0,1
4,6,"SIDE EXIT",0,0,0,6,1.0814,3700,1,0,6,6,9020,262,694.54,1542.86,0,12.383,30.849,6.003,0,0,1
4,6,"SIDE EXIT",0,0,0,7,1.118,3700,1,0,7,7,9020,262,694.54,1542.86,0,12.383,30.849,6.766,0,0,1
4,6,"SIDE EXIT",0,0,0,8,1.1489,3700,1,0,8,8,9020,262,694.54,1542.86,0,12.383,30.849,7.28,0,0,1
4,6,"SIDE EXIT",0,0,0,9,1.2019,3700,1,0,9,9,9020,262,694.54,1542.86,0,12.383,30.849,8.267,0,0,1
4,6,"SIDE EXIT",0,0,0,10,1.2019,3700,1,0,10,10,9020,262,694.54,1542.86,0,12.383,30.849,8.267,0,0,1
4,7,"UNDERDELI",0,0,0,0,1.4191,10500,0,1,0,1,12120,472,492.07,1508.57,0.0204,9.55,24.857,10.273,5.993,0.0005,1
4,7,"UNDERDELI",0,0,0,1,1.4258,10500,0,0,1,1,12120,472,492.07,1508.57,0.0204,9.55,24.857,10.793,5.993,0.0005,1
4,7,"UNDERDELI",0,0,0,2,1.4314,10500,0,1,1,2,12120,472,492.07,1508.57,0.0204,9.55,24.857,11.113,5.993,0.0005,1
4,7,"UNDERDELI",0,0,0,3,1.4429,10500,0,1,2,3,12120,472,518.09,1508.57,0.0195,10.373,24.857,11.35,5.993,0.0005,1
4,7,"UNDERDELI",0,0,0,4,1.5905,10500,0,1,3,4,12120,472,636.64,2144.57,0.0287,12.514,24.857,11.698,5.993,0.0013,1
4,7,"UNDERDELI",0,0,0,5,1.6005,10500,0,1,4,5,12120,472,636.64,2144.57,0.0287,12.391,24.857,11.995,5.993,0.0013,1
4,7,"UNDERDELI",0,0,0,6,1.607,10500,0,1,5,6,12120,472,636.64,2144.57,0.0287,12.305,24.857,12.207,5.993,0.0013,1
4,7,"UNDERDELI",0,0,0,7,1.6323,10500,0,1,6,7,12120,472,636.64,2144.57,0.0287,12.258,24.857,12.788,5.993,0.0013,1
4,7,"UNDERDELI",0,0,0,8,1.6884,10500,0,1,7,8,12120,472,683.78,2144.57,0.0268,13.723,33.774,13.228,5.993,0.0015,1
4,7,"UNDERDELI",0,0,0,9,1.9138,10500,0,1,8,9,12120,472,832.18,3121.14,0.036,16.227,33.774,14.061,5.993,0.003,1
4,7,"UNDERDELI",0,0,0,10,1.9172,10500,0,1,9,10,12120,472,832.18,3121.14,0.036,16.186,33.774,14.18,5.993,0.003,1
4,8,"ICE EXIT",0,0,0,0,1.0646,5725,1,0,0,0,8020,290,511.76,1308,0.0479,6.486,24.34,3.355,0.506,0.0002,1
4,8,"ICE EXIT",0,0,0,1,1.0691,5725,1,0,1,1,8020,290,511.76,1308,0.0479,6.486,24.34,3.678,0.506,0.0002,1
4,8,"ICE EXIT",0,0,0,2,1.0759,5725,1,0,2,2,8020,290,511.76,1308,0.0479,6.486,24.34,3.961,0.506,0.0002,1
4,8,"ICE EXIT",0,0,0,3,1.2774,5725,1,0,3,3,8020,290,714.1,2023.43,0.0662,8.208,34.874,4.155,0.506,0.007,1
4,8,"ICE EXIT",0,0,0,4,1.2849,5725,1,0,4,4,8020,290,714.1,2023.43,0.0662,8.042,34.874,4.422,0.506,0.007,1
4,8,"ICE EXIT",0,0,0,5,1.2922,5725,1,0,5,5,8020,290,714.1,2023.43,0.0662,7.894,34.874,4.657,0.506,0.007,1
4,8,"ICE EXIT",0,0,0,6,1.2966,5725,1,0,6,6,8020,290,714.1,2023.43,0.0662,7.8,34.874,4.817,0.506,0.007,1
4,8,"ICE EXIT",0,0,0,7,1.3141,5725,1,0,7,7,8020,290,714.1,2023.43,0.0662,7.721,34.874,5.356,0.506,0.007,1
4,8,"ICE EXIT",0,0,0,8,1.5576,5725,1,0,8,8,8020,290,1045.54,3104,0.0924,9.767,42.943,5.713,0.506,0.0108,1
4,8,"ICE EXIT",0,0,0,9,1.5959,5725,1,0,9,9,8020,290,1045.54,3104,0.0924,9.671,42.943,6.523,0.506,0.0108,1
4,8,"ICE EXIT",0,0,0,10,1.5957,5725,1,0,10,10,8020,290,1045.54,3104,0.0924,9.581,42.943,6.523,0.506,0.0108,1
4,9,"LAVA EXIT",0,0,0,0,0.8186,5621,1,0,0,0,7000,596,136.67,504,0.0558,1.238,3.703,5.978,0.678,0,1
4,9,"LAVA EXIT",0,0,0,1,0.8256,5621,1,0,1,1,7000,596,136.67,504,0.0558,1.238,3.703,6.382,0.678,0,1
4,9,"LAVA EXIT",0,0,0,2,0.8315,5621,1,0,2,2,7000,596,136.67,504,0.0558,1.238,3.703,6.698,0.678,0,1
4,9,"LAVA EXIT",0,0,0,3,0.9877,5621,1,0,3,3,7000,596,225.12,896,0.0459,1.975,6.617,6.948,0.678,0,1
4,9,"LAVA EXIT",0,0,0,4,0.9986,5621,1,0,4,4,7000,596,238.89,896,0.0476,2.126,6.617,7.412,0.678,0,1
4,9,"LAVA EXIT",0,0,0,5,1.0046,5621,1,0,5,5,7000,596,238.89,896,0.0476,2.057,6.617,7.733,0.678,0,1
4,9,"LAVA EXIT",0,0,0,6,1.0082,5621,1,0,6,6,7000,596,238.89,896,0.0476,2.008,6.617,7.918,0.678,0,1
4,9,"LAVA EXIT",0,0,0,7,1.0246,5621,1,0,7,7,7000,596,238.89,896,0.0476,1.98,6.617,8.623,0.678,0,1
4,9,"LAVA EXIT",0,0,0,8,1.1611,5621,1,0,8,8,7000,596,360.61,1260,0.0533,2.859,9.28,9.134,0.678,0,1
4,9,"LAVA EXIT",0,0,0,9,1.2008,5621,1,0,9,9,7000,596,360.61,1260,0.0533,2.834,9.28,10.175,0.678,0,1
4,9,"LAVA EXIT",0,0,0,10,1.2007,5621,1,0,10,10,7000,596,360.61,1260,0.0533,2.811,9.28,10.175,0.678,0,1
4,10,"DESERTRUN",1,1,0,0,0.7075,2167,1,0,0,0,65000,499,248.08,576,1,2.696,6.743,5.251,4.916,0,1
4,10,"DESERTRUN",1,1,0,1,0.7111,2167,1,0,1,1,65000,499,248.08,576,1,2.696,6.743,5.354,4.916,0,1
4,10,"DESERTRUN",1,1,0,2,0.7132,2167,1,0,2,2,65000,499,248.08,576,1,2.696,6.743,5.413,4.916,0,1
4,10,"DESERTRUN",1,1,0,3,0.8655,2167,1,0,3,3,65000,499,463.22,1044,1,3.927,9.554,5.466,4.916,0,1
4,10,"DESERTRUN",1,1,0,4,0.8589,2167,1,0,4,4,65000,499,463.22,1044,1,3.179,7.586,5.557,4.916,0,1
4,10,"DESERTRUN",1,1,0,5,0.8539,2167,1,0,5,5,65000,499,463.22,1044,1,2.657,6.323,5.615,4.916,0,1
4,10,"DESERTRUN",1,1,0,6,0.8497,2167,1,0,6,6,65000,499,463.22,1044,1,2.263,5.277,5.666,4.916,0,1
4,10,"DESERTRUN",1,1,0,7,0.8521,2167,1,0,7,7,65000,499,463.22,1044,1,1.952,4.537,5.82,4.916,0,1
4,10,"DESERTRUN",1,1,0,8,1.0442,2167,1,0,8,8,65000,499,763.64,1848,1,2.743,7.286,5.923,4.916,0,1
4,10,"DESERTRUN",1,1,0,9,1.0578,2167,1,0,9,9,65000,499,763.64,1848,1,2.449,6.534,6.131,4.916,0,1
4,10,"DESERTRUN",1,1,0,10,1.0538,2167,1,0,10,10,65000,499,763.64,1848,1,2.213,5.854,6.131,4.916,0,1
4,11,"?TUNNEL?",0,0,0,0,1.3536,7000,1,0,0,0,14010,191,516.8,891.43,0.2028,7.95,12.331,22.279,0.48,0,1
4,11,"?TUNNEL?",0,0,0,1,1.3563,7000,1,0,1,1,14010,191,516.8,891.43,0.2028,7.95,12.331,22.366,0.48,0,1
4,11,"?TUNNEL?",0,0,0,2,1.3581,7000,1,0,2,2,14010,191,516.8,891.43,0.2028,7.95,12.331,22.421,0.48,0,1
4,11,"?TUNNEL?",0,0,0,3,1.5629,7000,1,0,3,3,14010,191,841.96,1453.71,0.2393,12.229,17.206,22.459,0.48,0.0001,1
4,11,"?TUNNEL?",0,0,0,4,1.5567,7000,1,0,4,4,14010,191,842.21,1453.71,0.2392,11.395,15.517,22.502,0.48,0.0001,1
4,11,"?TUNNEL?",0,0,0,5,1.5534,7000,1,0,5,5,14010,191,842.34,1453.71,0.2391,10.767,14.646,22.534,0.48,0,1
4,11,"?TUNNEL?",0,0,0,6,1.551,7000,1,0,6,6,14010,191,842.34,1453.71,0.2391,10.39,14.04,22.552,0.48,0,1
4,11,"?TUNNEL?",0,0,0,7,1.5517,7000,1,0,7,7,14010,191,842.34,1453.71,0.2391,10.066,13.56,22.61,0.48,0,1
4,11,"?TUNNEL?",0,0,0,8,1.8116,7000,1,0,8,8,14010,191,1433.71,2211.43,0.2576,17.509,21.991,22.644,0.48,0.0003,1
4,11,"?TUNNEL?",0,0,0,9,1.8149,7000,1,0,9,9,14010,191,1434,2211.43,0.2575,17.142,21.489,22.684,0.48,0.0003,1
4,11,"?TUNNEL?",0,0,0,10,1.8125,7000,1,0,10,10,14010,191,1433.43,2211.43,0.2577,16.879,20.9,22.684,0.48,0.0001,1
4,12,"LAVA RUN",0,0,0,0,1.2088,5100,1,0,0,0,10020,436,267.37,1032,0.2344,2.969,16.854,6.201,1.392,0,1
4,12,"LAVA RUN",0,0,0,1,1.2117,5100,1,0,1,1,10020,436,267.37,1032,0.2344,2.969,16.854,6.511,1.392,0,1
4,12,"LAVA RUN",0,0,0,2,1.2133,5100,1,0,2,2,10020,436,267.37,1032,0.2344,2.969,16.854,6.618,1.392,0,1
4,12,"LAVA RUN",0,0,0,3,1.4068,5100,1,0,3,3,10020,436,395.37,1872,0.3476,3.477,17.449,6.693,1.392,0,1
4,12,"LAVA RUN",0,0,0,4,1.4248,5100,1,0,4,4,10020,436,430.67,1872,0.266,3.932,19.6,7.086,1.392,0,1
4,12,"LAVA RUN",0,0,0,5,1.4305,5100,1,0,5,5,10020,436,445.96,1872,0.2415,4.034,19.6,7.325,1.392,0,1
4,12,"LAVA RUN",0,0,0,6,1.4323,5100,1,0,6,6,10020,436,445.96,1872,0.2415,3.875,19.6,7.494,1.392,0,1
4,12,"LAVA RUN",0,0,0,7,1.4409,5100,1,0,7,7,10020,436,445.96,1872,0.2415,3.727,19.6,8.026,1.392,0,1
4,12,"LAVA RUN",0,0,0,8,1.6914,5100,1,0,8,8,10020,436,655.84,3252,0.3451,4.399,19.6,8.429,1.392,0,1
4,12,"LAVA RUN",0,0,0,9,1.7118,5100,1,0,9,9,10020,436,655.84,3252,0.3451,4.231,19.6,9.406,1.392,0,1
4,12,"LAVA RUN",0,0,0,10,1.7115,5100,1,0,10,10,10020,436,655.84,3252,0.3451,4.096,19.6,9.406,1.392,0,1
4,13,"EYESPY",0,0,0,0,1.0901,10500,0,0,0,0,8200,352,234.84,857.14,0.1475,1.207,3.986,9.266,5.381,0,1
4,13,"EYESPY",0,0,0,1,1.0974,10500,0,0,1,1,8200,352,234.84,857.14,0.1475,1.207,3.986,9.769,5.381,0,1
4,13,"EYESPY",0,0,0,2,1.1022,10500,0,0,2,2,8200,352,234.84,857.14,0.1475,1.207,3.986,10.047,5.381,0,1
4,13,"EYESPY",0,0,0,3,1.1735,10500,0,0,3,3,8200,352,305.68,1028.57,0.1198,1.765,5.251,10.282,5.447,0,1
4,13,"EYESPY",0,0,0,4,1.1803,10500,0,0,4,4,8200,352,305.68,1028.57,0.1198,1.695,5.217,10.761,5.447,0,1
4,13,"EYESPY",0,0,0,5,1.185,10500,0,0,5,5,8200,352,305.68,1028.57,0.1198,1.584,5.103,11.084,5.447,0,1
4,13,"EYESPY",0,0,0,6,1.1885,10500,0,0,6,6,8200,352,305.68,1028.57,0.1198,1.543,5.08,11.301,5.447,0,1
4,13,"EYESPY",0,0,0,7,1.206,10500,0,0,7,7,8200,352,305.68,1028.57,0.1198,1.511,5,12.083,5.447,0,1
4,13,"EYESPY",0,0,0,8,1.2837,10500,0,0,8,8,8200,352,356.96,1200,0.1052,2.118,7.24,12.633,5.402,0,1
4,13,"EYESPY",0,0,0,9,1.3307,10500,0,0,9,9,8200,352,356.96,1200,0.1052,2.076,7.183,13.878,5.402,0,1
4,13,"EYESPY",0,0,0,10,1.3306,10500,0,0,10,10,8200,352,356.96,1200,0.1052,2.053,7.183,13.878,5.402,0,1
4,14,"DREAD-NOT",0,0,0,0,1.5997,10500,0,0,0,0,6400,202,318.96,797.71,0.0534,5.657,13.377,30.517,23.058,0.0002,1
4,14,"DREAD-NOT",0,0,0,1,1.604,10500,0,0,1,1,6400,202,318.96,797.71,0.0534,5.657,13.377,31.026,23.058,0.0002,1
4,14,"DREAD-NOT",0,0,0,2,1.6077,10500,0,0,2,2,6400,202,318.96,797.71,0.0534,5.657,13.377,31.393,23.058,0.0002,1
4,14,"DREAD-NOT",0,0,0,3,1.6413,10500,0,0,3,3,6400,202,371.9,865.14,0.0642,6.477,13.617,31.644,23.058,0.0002,1
4,14,"DREAD-NOT",0,0,0,4,1.6444,10500,0,0,4,4,6400,202,371.9,865.14,0.0642,6.316,13.209,31.953,23.058,0.0002,1
4,14,"DREAD-NOT",0,0,0,5,1.6478,10500,0,0,5,5,6400,202,371.9,865.14,0.0642,6.2,12.923,32.193,23.058,0.0002,1
4,14,"DREAD-NOT",0,0,0,6,1.6506,10500,0,0,6,6,6400,202,371.9,865.14,0.0642,6.155,12.88,32.326,23.058,0.0002,1
4,14,"DREAD-NOT",0,0,0,7,1.6638,10500,0,0,7,7,6400,202,371.9,865.14,0.0642,6.086,12.731,32.787,23.058,0.0002,1
4,14,"DREAD-NOT",0,0,0,8,1.7337,10500,0,0,8,8,6400,202,443.23,984,0.0809,6.814,16.303,33.062,23.058,0.0002,1
4,14,"DREAD-NOT",0,0,0,9,1.7772,10500,0,0,9,9,6400,202,443.23,984,0.0809,6.762,16.289,33.546,23.058,0.0002,1
4,14,"DREAD-NOT",0,0,0,10,1.777,10500,0,0,10,10,6400,202,443.23,984,0.0809,6.718,16.274,33.546,23.058,0.0002,1
4,15,"BRAINIAC",0,0,0,0,1.5912,10500,0,1,1,1,17380,643,244.84,1347.43,0.2293,3.135,10.423,19.486,6.424,0,1
4,15,"BRAINIAC",0,0,0,1,1.5912,10500,0,0,1,1,17380,643,244.84,1347.43,0.2293,3.135,10.423,19.486,6.424,0,1
4,15,"BRAINIAC",0,0,0,2,1.5927,10500,0,1,1,2,17380,643,244.84,1347.43,0.2293,3.135,10.423,19.692,6.424,0,1
4,15,"BRAINIAC",0,0,0,3,1.64,10500,0,1,2,3,17380,643,302.88,1347.43,0.2521,3.513,10.809,20.123,6.424,0,1
4,15,"BRAINIAC",0,0,0,4,1.6494,10500,0,1,3,4,17380,643,305.45,1381.71,0.2532,3.202,10.791,20.385,6.424,0,1
4,15,"BRAINIAC",0,0,0,5,1.6511,10500,0,1,4,5,17380,643,305.45,1381.71,0.2532,2.971,10.68,20.623,6.424,0,1
4,15,"BRAINIAC",0,0,0,6,1.6523,10500,0,1,5,6,17380,643,305.45,1381.71,0.2532,2.803,10.586,20.781,6.424,0,1
4,15,"BRAINIAC",0,0,0,7,1.6571,10500,0,1,6,7,17380,643,305.45,1381.71,0.2532,2.674,10.514,21.16,6.424,0,1
4,15,"BRAINIAC",0,0,0,8,1.6845,10500,0,1,7,8,17380,643,400,1381.71,0.3154,3.063,11.114,21.514,6.424,0,1
4,15,"BRAINIAC",0,0,0,9,1.7137,10500,0,1,8,9,17380,643,403.9,1433.14,0.3164,2.964,11.08,22.033,6.424,0,1
4,15,"BRAINIAC",0,0,0,10,1.7208,10500,0,1,9,10,17380,643,403.9,1433.14,0.3164,2.878,11.074,22.224,6.424,0,1
4,16,"NOSE DRIP",0,0,0,0,1.3422,7953,1,0,0,0,6040,87,570.44,1629.14,0.2484,2.208,7.589,8.969,5.854,0,1
4,16,"NOSE DRIP",0,0,0,1,1.3436,7953,1,0,1,1,6040,87,570.44,1629.14,0.2484,2.208,7.589,9.085,5.854,0,1
4,16,"NOSE DRIP",0,0,0,2,1.3447,7953,1,0,2,2,6040,87,570.44,1629.14,0.2484,2.208,7.589,9.156,5.854,0,1
4,16,"NOSE DRIP",0,0,0,3,1.373,7953,1,0,3,3,6040,87,611.48,1691.43,0.2308,2.45,9.02,9.211,5.854,0,1
4,16,"NOSE DRIP",0,0,0,4,1.3723,7953,1,0,4,4,6040,87,611.48,1691.43,0.2308,2.238,8.734,9.314,5.854,0,1
4,16,"NOSE DRIP",0,0,0,5,1.3723,7953,1,0,5,5,6040,87,611.48,1691.43,0.2308,2.113,8.506,9.417,5.854,0,1
4,16,"NOSE DRIP",0,0,0,6,1.372,7953,1,0,6,6,6040,87,611.48,1691.43,0.2308,2.001,8.334,9.475,5.854,0,1
4,16,"NOSE DRIP",0,0,0,7,1.3759,7953,1,0,7,7,6040,87,611.48,1691.43,0.2308,1.911,8.217,9.698,5.854,0,1
4,16,"NOSE DRIP",0,0,0,8,1.4021,7953,1,0,8,8,6040,87,638.04,1748.57,0.2387,2.124,9.269,9.901,5.854,0,1
4,16,"NOSE DRIP",0,0,0,9,1.4147,7953,1,0,9,9,6040,87,638.04,1748.57,0.2387,2.06,9.226,10.318,5.854,0,1
4,16,"NOSE DRIP",0,0,0,10,1.4143,7953,1,0,10,10,6040,87,638.04,1748.57,0.2387,2.015,9.183,10.318,5.854,0,1
4,17,"TIME WAR",0,0,0,0,2.4681,5390,1,1,1,1,26999,100,2976.18,3966.86,0,42.86,57.031,31.617,25.868,0.3562,1
4,17,"TIME WAR",0,0,0,1,2.4681,5390,1,0,1,1,26999,100,2976.18,3966.86,0,42.86,57.031,31.617,25.868,0.3562,1
4,17,"TIME WAR",0,0,0,2,2.4725,5390,1,0,2,2,26999,100,2976.18,3966.86,0,42.86,57.031,31.636,25.868,0.3562,1
4,17,"TIME WAR",0,0,0,3,2.4725,5390,1,0,3,3,26999,100,2976.18,3966.86,0,42.86,57.031,31.636,25.868,0.3562,1
4,17,"TIME WAR",0,0,0,4,2.4725,5390,1,0,4,4,26999,100,2976.18,3966.86,0,42.86,57.031,31.637,25.868,0.3562,1
4,17,"TIME WAR",0,0,0,5,2.4725,5390,1,0,5,5,26999,100,2976.18,3966.86,0,42.86,57.031,31.638,25.868,0.3562,1
4,17,"TIME WAR",0,0,0,6,2.4725,5390,1,0,6,6,26999,100,2976.18,3966.86,0,42.86,57.031,31.639,25.868,0.3562,1
4,17,"TIME WAR",0,0,0,7,2.4725,5390,1,0,7,7,26999,100,2976.18,3966.86,0,42.86,57.031,31.641,25.868,0.3562,1
4,17,"TIME WAR",0,0,0,8,2.4725,5390,1,0,8,8,26999,100,2976.18,3966.86,0,42.86,57.031,31.642,25.868,0.3562,1
4,17,"TIME WAR",0,0,0,9,2.4726,5390,1,0,9,9,26999,100,2976.18,3966.86,0,42.86,57.031,31.646,25.868,0.3562,1
4,17,"TIME WAR",0,0,0,10,2.4726,5390,1,0,10,10,26999,100,2976.18,3966.86,0,42.86,57.031,31.646,25.868,0.3562,1
4,18,"SQUADRON",0,0,0,0,0.4859,10500,0,1,2,2,60024,127,48.86,257.14,1,0.247,1.289,6.672,0,0,1
4,18,"SQUADRON",0,0,0,1,0.4859,10500,0,1,2,2,60024,127,48.86,257.14,1,0.247,1.289,6.672,0,0,1
4,18,"SQUADRON",0,0,0,2,0.4859,10500,0,0,2,2,60024,127,48.86,257.14,1,0.247,1.289,6.672,0,0,1
4,18,"SQUADRON",0,0,0,3,0.4859,10500,0,1,2,2,60024,127,48.86,257.14,1,0.247,1.289,6.672,0,0,1
4,18,"SQUADRON",0,0,0,4,0.4859,10500,0,1,2,2,60024,127,48.86,257.14,1,0.247,1.289,6.672,0,0,1
4,18,"SQUADRON",0,0,0,5,0.4859,10500,0,1,2,2,60024,127,48.86,257.14,1,0.247,1.289,6.672,0,0,1
4,18,"SQUADRON",0,0,0,6,0.4859,10500,0,1,2,2,60024,127,48.86,257.14,1,0.247,1.289,6.672,0,0,1
4,18,"SQUADRON",0,0,0,7,0.4859,10500,0,1,2,2,60024,127,48.86,257.14,1,0.247,1.289,6.672,0,0,1
4,18,"SQUADRON",0,0,0,8,0.4859,10500,0,1,2,2,60024,127,48.86,257.14,1,0.247,1.289,6.672,0,0,1
4,18,"SQUADRON",0,0,0,9,0.4859,10500,0,1,2,2,60024,127,48.86,257.14,1,0.247,1.289,6.672,0,0,1
4,18,"SQUADRON",0,0,0,10,0.4859,10500,0,1,2,2,60024,127,48.86,257.14,1,0.247,1.289,6.672,0,0,1
4,19,"APPROACH",0,0,0,0,0.721,5460,1,0,0,0,9110,580,143.9,543.43,0.9106,3.006,16.46,3.634,0.076,0,1
4,19,"APPROACH",0,0,0,1,0.7346,5460,1,0,1,1,9110,580,143.9,543.43,0.9106,3.006,16.46,3.942,0.076,0,1
4,19,"APPROACH",0,0,0,2,0.7452,5460,1,0,2,2,9110,580,143.9,543.43,0.9106,3.006,16.46,4.188,0.076,0,1
4,19,"APPROACH",0,0,0,3,0.8007,5460,1,0,3,3,9110,580,209.84,761.14,0.9373,2.658,9.649,4.393,0.076,0,1
4,19,"APPROACH",0,0,0,4,0.8042,5460,1,0,4,4,9110,580,209.84,761.14,0.9373,2.01,8.243,4.811,0.076,0,1
4,19,"APPROACH",0,0,0,5,0.8031,5460,1,0,5,5,9110,580,209.84,761.14,0.9373,1.618,6.62,4.999,0.076,0,1
4,19,"APPROACH",0,0,0,6,0.8048,5460,1,0,6,6,9110,580,209.84,761.14,0.9373,1.37,5.711,5.312,0.076,0,1
4,19,"APPROACH",0,0,0,7,0.8221,5460,1,0,7,7,9110,580,209.84,761.14,0.9373,1.178,5.254,6.074,0.076,0,1
4,19,"APPROACH",0,0,0,8,1.0159,5460,1,0,8,8,9110,580,383.9,1347.43,0.9649,1.971,7.651,6.639,0.076,0,1
4,19,"APPROACH",0,0,0,9,1.0429,5460,1,0,9,9,9110,580,383.9,1347.43,0.9649,1.76,6.983,8.041,0.076,0,1
4,19,"APPROACH",0,0,0,10,1.0392,5460,1,0,10,10,9110,580,383.9,1347.43,0.9649,1.572,6.437,8.041,0.076,0,1
4,20,"ICESECRET",0,1,0,0,0.922,6401,1,0,0,0,60000,549,266.99,729.14,0.1539,3.679,12.277,6.47,0.27,0,1
4,20,"ICESECRET",0,1,0,1,0.9377,6401,1,0,1,1,60000,549,266.99,729.14,0.1539,3.679,12.277,7.37,0.27,0,1
4,20,"ICESECRET",0,1,0,2,0.9526,6401,1,0,2,2,60000,549,266.99,729.14,0.1539,3.679,12.277,7.996,0.27,0,1
4,20,"ICESECRET",0,1,0,3,1.0885,6401,1,0,3,3,60000,549,412.53,1097.14,0.2585,4.326,13.589,8.468,0.27,0,1
4,20,"ICESECRET",0,1,0,4,1.0936,6401,1,0,4,4,60000,549,412.53,1097.14,0.2585,3.803,12.109,9.061,0.27,0,1
4,20,"ICESECRET",0,1,0,5,1.1003,6401,1,0,5,5,60000,549,412.53,1097.14,0.2585,3.481,11.22,9.582,0.27,0,1
4,20,"ICESECRET",0,1,0,6,1.104,6401,1,0,6,6,60000,549,412.53,1097.14,0.2585,3.264,10.64,9.869,0.27,0,1
4,20,"ICESECRET",0,1,0,7,1.1312,6401,1,0,7,7,60000,549,412.53,1097.14,0.2585,3.096,10.211,10.917,0.27,0,1
4,20,"ICESECRET",0,1,0,8,1.3641,6401,1,0,8,8,60000,549,664.99,1892.57,0.3849,3.821,11.891,11.598,0.27,0,1
4,20,"ICESECRET",0,1,0,9,1.4293,6401,1,0,9,9,60000,549,664.99,1892.57,0.3849,3.614,11.469,12.904,0.27,0,1
4,20,"ICESECRET",0,1,0,10,1.427,6401,1,0,10,10,60000,549,664.99,1892.57,0.3849,3.455,11.06,12.904,0.27,0,1
5,1,"SAVARA",0,0,1,0,0.2855,10500,0,0,0,0,5000,85,10.51,192,1,0.137,2.266,0.114,0,0,1
5,1,"SAVARA",0,0,1,1,0.2925,10500,0,0,1,1,5000,85,10.51,192,1,0.137,2.266,0.147,0,0,1
5,1,"SAVARA",0,0,1,2,0.2958,10500,0,0,2,2,5000,85,10.51,192,1,0.137,2.266,0.16,0,0,1
5,1,"SAVARA",0,0,1,3,0.3962,10500,0,0,3,3,5000,85,21.03,384,1,0.19,2.954,0.172,0,0,1
5,1,"SAVARA",0,0,1,4,0.3972,10500,0,0,4,4,5000,85,21.03,384,1,0.146,2.254,0.215,0,0,1
5,1,"SAVARA",0,0,1,5,0.3969,10500,0,0,5,5,5000,85,21.03,384,1,0.118,1.809,0.241,0,0,1
5,1,"SAVARA",0,0,1,6,0.4,10500,0,0,6,6,5000,85,21.03,384,1,0.102,1.569,0.275,0,0,1
5,1,"SAVARA",0,0,1,7,0.4115,10500,0,0,7,7,5000,85,21.03,384,1,0.089,1.371,0.363,0,0,1
5,1,"SAVARA",0,0,1,8,0.5238,10500,0,0,8,8,5000,85,35.31,648,1,0.123,1.909,0.433,0,0,1
5,1,"SAVARA",0,0,1,9,0.5479,10500,0,0,9,9,5000,85,35.31,648,1,0.11,1.734,0.61,0,0,1
5,1,"SAVARA",0,0,1,10,0.5459,10500,0,0,10,10,5000,85,35.31,648,1,0.099,1.563,0.61,0,0,1
5,2,"AST ROCK",0,0,0,0,0.9068,7125,1,0,0,0,6600,284,434.67,1044,0.5264,2.128,10.486,5.841,0,0,1
5,2,"AST ROCK",0,0,0,1,0.9405,7125,1,0,1,1,6600,284,434.67,1044,0.5264,2.128,10.486,7.488,0,0,1
5,2,"AST ROCK",0,0,0,2,0.9598,7125,1,0,2,2,6600,284,434.67,1044,0.5264,2.128,10.486,8.327,0,0,1
5,2,"AST ROCK",0,0,0,3,1.1647,7125,1,0,3,3,6600,284,681.21,1538.86,0.5485,3.816,19.523,9.093,0,0,1
5,2,"AST ROCK",0,0,0,4,1.1894,7125,1,0,4,4,6600,284,681.21,1538.86,0.5485,3.391,18.766,10.593,0,0,1
5,2,"AST ROCK",0,0,0,5,1.2092,7125,1,0,5,5,6600,284,681.21,1538.86,0.5485,3.091,18.283,11.764,0,0,1
5,2,"AST ROCK",0,0,0,6,1.2234,7125,1,0,6,6,6600,284,681.21,1538.86,0.5485,2.85,17.86,12.674,0,0,1
5,2,"AST ROCK",0,0,0,7,1.2772,7125,1,0,7,7,6600,284,681.21,1538.86,0.5485,2.664,17.571,15.528,0,0,1
5,2,"AST ROCK",0,0,0,8,1.6317,7125,1,0,8,8,6600,284,1127.16,2844.57,0.568,4.668,30.163,16.416,0,0.0011,1
5,2,"AST ROCK",0,0,0,9,1.734,7125,1,0,9,9,6600,284,1066.33,2855.43,0.5513,4.28,29.94,21.305,0,0.0008,1
5,2,"AST ROCK",0,0,0,10,1.7284,7125,1,0,10,10,6600,284,1078.96,2835.43,0.5571,4.156,29.651,21.117,0,0.0007,1
5,3,"STATION",0,0,1,0,1.6518,4715,1,0,0,0,10000,327,659.66,1760.57,0.0891,9.362,27.32,15.938,4.86,0.0269,1
5,3,"STATION",0,0,1,1,1.6589,4715,1,0,1,1,10000,327,659.66,1760.57,0.0891,9.362,27.32,16.556,4.86,0.0269,1
5,3,"STATION",0,0,1,2,1.6647,4715,1,0,2,2,10000,327,659.66,1760.57,0.0891,9.362,27.32,16.983,4.86,0.0269,1
5,3,"STATION",0,0,1,3,1.7215,4715,1,0,3,3,10000,327,861.68,1868,0.1395,11.123,28.909,17.29,4.86,0.0265,1
5,3,"STATION",0,0,1,4,1.7253,4715,1,0,4,4,10000,327,861.68,1868,0.1395,10.371,28.909,17.701,4.86,0.0265,1
5,3,"STATION",0,0,1,5,1.729,4715,1,0,5,5,10000,327,861.68,1868,0.1395,9.814,28.909,18.023,4.86,0.0265,1
5,3,"STATION",0,0,1,6,1.7314,4715,1,0,6,6,10000,327,861.68,1868,0.1395,9.445,28.909,18.218,4.86,0.0265,1
5,3,"STATION",0,0,1,7,1.7448,4715,1,0,7,7,10000,327,861.68,1868,0.1395,9.189,28.909,18.896,4.86,0.0265,1
5,3,"STATION",0,0,1,8,2.0473,4715,1,0,8,8,10000,327,1265.77,3502,0.2232,11.548,31.291,19.334,4.86,0.0269,1
5,3,"STATION",0,0,1,9,2.0747,4715,1,0,9,9,10000,327,1265.77,3502,0.2232,11.322,31.291,20.136,4.86,0.0269,1
5,3,"STATION",0,0,1,10,2.0743,4715,1,0,10,10,10000,327,1265.77,3502,0.2232,11.062,31.291,20.136,4.86,0.0269,1
5,4,"SAVARA",0,0,1,0,1.1657,7822,1,0,0,0,12890,490,334.36,1190.86,0.285,2.947,7.991,10.734,0.019,0,1
5,4,"SAVARA",0,0,1,1,1.2049,7822,1,0,1,1,12890,490,334.36,1190.86,0.285,2.947,7.991,11.719,0.019,0,1
5,4,"SAVARA",0,0,1,2,1.2368,7822,1,0,2,2,12890,490,334.36,1190.86,0.285,2.947,7.991,12.328,0.019,0,1
5,4,"SAVARA",0,0,1,3,1.3861,7822,1,0,3,3,12890,490,522.63,1602.29,0.3304,4.067,10.714,12.671,0.019,0,1
5,4,"SAVARA",0,0,1,4,1.389,7822,1,0,4,4,12890,490,522.63,1602.29,0.3304,3.27,8.62,13.143,0.019,0,1
5,4,"SAVARA",0,0,1,5,1.397,7822,1,0,5,5,12890,490,522.63,1602.29,0.3304,2.812,7.903,13.473,0.019,0,1
5,4,"SAVARA",0,0,1,6,1.402,7822,1,0,6,6,12890,490,522.63,1602.29,0.3304,2.502,7.346,13.707,0.019,0,1
5,4,"SAVARA",0,0,1,7,1.4373,7822,1,0,7,7,12890,490,522.63,1602.29,0.3304,2.276,6.974,14.42,0.019,0,1
5,4,"SAVARA",0,0,1,8,1.6865,7822,1,0,8,8,12890,490,860.99,2397.71,0.3491,3.752,12.409,14.837,0.019,0,1
5,4,"SAVARA",0,0,1,9,1.7008,7822,1,0,9,9,12890,490,860.99,2397.71,0.3491,3.508,12.169,15.529,0.019,0,1
5,4,"SAVARA",0,0,1,10,1.6994,7822,1,0,10,10,12890,490,860.99,2397.71,0.3491,3.311,11.983,15.529,0.019,0,1
5,5,"ASTEROIDS",0,0,0,0,0.7428,4400,1,0,0,0,5040,400,161.18,596.57,0.7644,1.426,4.874,6.158,0.544,0,1
5,5,"ASTEROIDS",0,0,0,1,0.774,4400,1,0,1,1,5040,400,161.18,596.57,0.7644,1.426,4.874,7.179,0.544,0,1
5,5,"ASTEROIDS",0,0,0,2,0.7976,4400,1,0,2,2,5040,400,161.18,596.57,0.7644,1.426,4.874,7.817,0.544,0,1
5,5,"ASTEROIDS",0,0,0,3,0.8379,4400,1,0,3,3,5040,400,186.68,662.86,0.7005,1.444,4.614,8.266,0.544,0,1
5,5,"ASTEROIDS",0,0,0,4,0.8531,4400,1,0,4,4,5040,400,186.68,662.86,0.7005,1.305,4.12,8.941,0.544,0,1
5,5,"ASTEROIDS",0,0,0,5,0.8644,4400,1,0,5,5,5040,400,186.68,662.86,0.7005,1.201,3.743,9.418,0.544,0,1
5,5,"ASTEROIDS",0,0,0,6,0.8719,4400,1,0,6,6,5040,400,186.68,662.86,0.7005,1.097,3.371,9.853,0.544,0,1
5,5,"ASTEROIDS",0,0,0,7,0.9085,4400,1,0,7,7,5040,400,186.68,662.86,0.7005,1.028,3.14,11.029,0.544,0,1
5,5,"ASTEROIDS",0,0,0,8,0.941,4400,1,0,8,8,5040,400,197.59,662.86,0.5856,1.154,3.023,11.817,0.544,0,1
5,5,"ASTEROIDS",0,0,0,9,0.9926,4400,1,0,9,9,5040,400,197.59,662.86,0.5856,1.085,2.789,13.492,0.544,0,1
5,5,"ASTEROIDS",0,0,0,10,0.9915,4400,1,0,10,10,5040,400,197.59,662.86,0.5856,1.05,2.669,13.492,0.544,0,1
5,6,"MINERS",0,0,0,0,0.9469,4965,1,0,0,0,5880,617,317.58,613.71,0.5439,5.589,22.714,6.281,1.622,0,1
5,6,"MINERS",0,0,0,1,0.9735,4965,1,0,1,1,5880,617,317.58,613.71,0.5439,5.589,22.714,7.251,1.622,0,1
5,6,"MINERS",0,0,0,2,0.9931,4965,1,0,2,2,5880,617,317.58,613.71,0.5439,5.589,22.714,7.855,1.622,0,1
5,6,"MINERS",0,0,0,3,1.1628,4965,1,0,3,3,5880,617,510.82,1023.43,0.5799,7.237,28.817,8.286,1.622,0,1
5,6,"MINERS",0,0,0,4,1.1799,4965,1,0,4,4,5880,617,510.82,1023.43,0.5799,6.595,28.329,8.975,1.622,0,1
5,6,"MINERS",0,0,0,5,1.1945,4965,1,0,5,5,5880,617,510.82,1023.43,0.5799,6.167,28.094,9.449,1.622,0,1
5,6,"MINERS",0,0,0,6,1.204,4965,1,0,6,6,5880,617,510.82,1023.43,0.5799,5.827,27.906,9.761,1.622,0,1
5,6,"MINERS",0,0,0,7,1.2442,4965,1,0,7,7,5880,617,510.82,1023.43,0.5799,5.566,27.74,10.812,1.622,0,1
5,6,"MINERS",0,0,0,8,1.4421,4965,1,0,8,8,5880,617,876.01,1537.71,0.6434,7.026,30.297,11.503,1.622,0,1
5,6,"MINERS",0,0,0,9,1.5087,4965,1,0,9,9,5880,617,876.01,1537.71,0.6434,6.73,30.02,12.849,1.622,0,1
5,6,"MINERS",0,0,0,10,1.5075,4965,1,0,10,10,5880,617,876.01,1537.71,0.6434,6.485,29.771,12.849,1.622,0,1
5,7,"CORAL",0,0,0,0,0.7234,7712,1,0,0,0,9999,480,244.92,648,0.1489,2.559,5.831,3.638,0,0,1
5,7,"CORAL",0,0,0,1,0.7551,7712,1,0,1,1,9999,480,244.92,648,0.1489,2.559,5.831,4.315,0,0,1
5,7,"CORAL",0,0,0,2,0.7793,7712,1,0,2,2,9999,480,244.92,648,0.1489,2.559,5.831,4.765,0,0,1
5,7,"CORAL",0,0,0,3,0.9994,7712,1,0,3,3,9999,480,444.16,1172.57,0.1482,4.571,11.117,5.099,0,0,1
5,7,"CORAL",0,0,0,4,1.0132,7712,1,0,4,4,9999,480,444.16,1172.57,0.1482,4.339,11.117,5.517,0,0,1
5,7,"CORAL",0,0,0,5,1.0248,7712,1,0,5,5,9999,480,444.16,1172.57,0.1482,4.199,11.117,5.83,0,0,1
5,7,"CORAL",0,0,0,6,1.0327,7712,1,0,6,6,9999,480,444.16,1172.57,0.1482,4.083,11.117,6.046,0,0,1
5,7,"CORAL",0,0,0,7,1.065,7712,1,0,7,7,9999,480,444.16,1172.57,0.1482,3.99,11.117,6.744,0,0,1
5,7,"CORAL",0,0,0,8,1.3145,7712,1,0,8,8,9999,480,727.05,1789.71,0.1303,7.359,21.843,7.184,0,0,1
5,7,"CORAL",0,0,0,9,1.3672,7712,1,0,9,9,9999,480,727.05,1789.71,0.1303,7.253,21.843,8.011,0,0,1
5,7,"CORAL",0,0,0,10,1.367,7712,1,0,10,10,9999,480,727.05,1789.71,0.1303,7.182,21.843,8.011,0,0,1
5,8,"FRUIT",0,0,0,0,1.1322,10500,0,0,0,0,10000,412,323.83,1216.57,0.1987,1.176,7.406,15.253,0,0,1
5,8,"FRUIT",0,0,0,1,1.2037,10500,0,0,1,1,10000,412,323.83,1216.57,0.1987,1.176,7.406,16.583,0,0,1
5,8,"FRUIT",0,0,0,2,1.2627,10500,0,0,2,2,10000,412,323.83,1216.57,0.1987,1.176,7.406,17.402,0,0,1
5,8,"FRUIT",0,0,0,3,1.3838,10500,0,0,3,3,10000,412,452.13,1486.29,0.2311,1.87,15.451,17.716,0,0,1
5,8,"FRUIT",0,0,0,4,1.3885,10500,0,0,4,4,10000,412,452.13,1486.29,0.2311,1.87,15.451,18.122,0,0,1
5,8,"FRUIT",0,0,0,5,1.3929,10500,0,0,5,5,10000,412,452.13,1486.29,0.2311,1.87,15.451,18.435,0,0,1
5,8,"FRUIT",0,0,0,6,1.3958,10500,0,0,6,6,10000,412,452.13,1486.29,0.2311,1.87,15.451,18.639,0,0,1
5,8,"FRUIT",0,0,0,7,1.4086,10500,0,0,7,7,10000,412,452.13,1486.29,0.2311,1.87,15.451,19.309,0,0,1
5,8,"FRUIT",0,0,0,8,1.6049,10500,0,0,8,8,10000,412,682.34,2076.57,0.2102,3.422,26.557,19.74,0,0.0006,1
5,8,"FRUIT",0,0,0,9,1.6353,10500,0,0,9,9,10000,412,682.34,2076.57,0.2102,4.628,26.557,20.546,0,0.0006,1
5,8,"FRUIT",0,0,0,10,1.6352,10500,0,0,10,10,10000,412,682.34,2076.57,0.2102,4.577,26.557,20.546,0,0.0006,1
